Date,Ridership,Crime,temp,precip,Daily_CPI,New York State Average ($/gal)
3/2/20,5329915,1256,48.4,0.009,-0.006781131,2.61
3/3/20,5481103,1301,51.9,0.015,-0.007110649,2.61
3/4/20,5498809,1308,50.4,0.01,-0.007440166,2.61
3/5/20,5496453,1275,45.7,0,-0.007769684,2.61
3/6/20,5189447,1204,41.9,0.03,-0.008099202,2.61
3/7/20,2814637,1189,42.6,0,-0.00842872,2.61
3/8/20,2120656,1149,46.5,0,-0.008758238,2.61
3/9/20,4973513,1219,56.2,0,-0.009087756,2.58
3/10/20,4867818,1332,58.3,0,-0.009417274,2.58
3/11/20,4697122,1308,51.2,0,-0.009746792,2.58
3/12/20,4149505,1197,46.8,0.001,-0.010076309,2.58
3/13/20,3484996,1387,55.3,0.049,-0.010405827,2.58
3/14/20,1670665,1200,50.2,0,-0.010735345,2.58
3/15/20,1157711,1147,48.4,0,-0.011064863,2.58
3/16/20,2178555,1006,41.4,0,-0.011394381,2.52
3/17/20,1788786,979,46.9,0.019,-0.011723899,2.52
3/18/20,1625280,1089,47.9,0,-0.012053417,2.52
3/19/20,1422112,933,47,0.068,-0.012382934,2.52
3/20/20,1309125,1079,56.6,0,-0.012712452,2.52
3/21/20,619618,978,51,0,-0.01304197,2.52
3/22/20,408723,747,40.8,0,-0.013371488,2.52
3/23/20,709499,771,39.6,0.561,-0.013701006,2.44
3/24/20,741587,818,46.4,0,-0.014030524,2.44
3/25/20,690032,842,43.6,0.001,-0.014360042,2.44
3/26/20,680360,798,47.7,0,-0.014689559,2.44
3/27/20,656817,901,57.7,0,-0.015019077,2.44
3/28/20,332393,797,49.1,0.027,-0.015348595,2.44
3/29/20,263700,636,46.3,0.006,-0.015678113,2.44
3/30/20,545215,826,47,0.003,-0.016007631,2.36
3/31/20,508106,771,44.1,0.004,-0.016337149,2.36
4/1/20,513481,978,47.6,0,-0.016666667,2.36
4/2/20,485586,794,50,0,-0.015573477,2.36
4/3/20,483357,755,50.3,0.017,-0.014480287,2.36
4/4/20,282278,730,51.7,0.001,-0.013387097,2.36
4/5/20,227303,702,52.4,0,-0.012293907,2.36
4/6/20,445454,755,56.9,0.005,-0.011200717,2.31
4/7/20,434986,777,57.2,0,-0.010107527,2.31
4/8/20,427485,863,57.4,0.013,-0.009014337,2.31
4/9/20,404635,780,51.5,0.045,-0.007921147,2.31
4/10/20,400275,777,44.8,0.001,-0.006827957,2.31
4/11/20,257061,762,48.4,0,-0.005734767,2.31
4/12/20,198399,806,54.1,0,-0.004641577,2.31
4/13/20,363312,786,58.3,1.146,-0.003548387,2.27
4/14/20,430155,869,53.3,0,-0.002455197,2.27
4/15/20,419059,871,49,0,-0.001362007,2.27
4/16/20,420223,764,46.7,0.009,-0.000268817,2.27
4/17/20,432368,848,43.7,0.001,0.000824373,2.27
4/18/20,254453,821,45.4,0.026,0.001917563,2.27
4/19/20,224411,847,50.7,0,0.003010753,2.27
4/20/20,437852,946,53.4,0,0.004103943,2.24
4/21/20,422107,891,50.3,0.05,0.005197133,2.24
4/22/20,458781,912,45.7,0,0.006290323,2.24
4/23/20,453520,884,45.7,0.001,0.007383513,2.24
4/24/20,443956,814,47.2,0.063,0.008476703,2.24
4/25/20,295387,968,53.3,0,0.009569892,2.24
4/26/20,218787,743,48.6,0.06,0.010663082,2.24
4/27/20,462888,859,45.9,0,0.011756272,2.2
4/28/20,489247,970,53.1,0,0.012849462,2.2
4/29/20,477799,922,51.4,0.001,0.013942652,2.2
4/30/20,465869,853,54.6,0.245,0.015035842,2.2
5/1/20,494549,1156,58.3,0.068,0.016129032,2.2
5/2/20,325865,1047,63.2,0.001,0.015716268,2.2
5/3/20,258865,943,66.1,0.03,0.015303503,2.2
5/4/20,511866,991,63.8,0,0.014890739,2.17
5/5/20,522085,987,55.2,0,0.014477974,2.17
5/6/20,508824,957,50.9,0.015,0.01406521,2.17
5/7/20,535073,970,57,0.009,0.013652445,2.17
5/8/20,526054,987,50.8,0.189,0.013239681,2.17
5/9/20,316883,861,42.7,0.1,0.012826916,2.17
5/10/20,271947,935,52,0,0.012414152,2.17
5/11/20,520873,948,53.6,0.022,0.012001387,2.16
5/12/20,553372,1003,52.7,0,0.011588623,2.16
5/13/20,565377,991,53.4,0,0.011175858,2.16
5/14/20,567392,1038,58.8,0,0.010763094,2.16
5/15/20,587808,1111,70.1,0.003,0.01035033,2.16
5/16/20,360844,1053,69.8,0.002,0.009937565,2.16
5/17/20,287418,926,60.1,0,0.009524801,2.16
5/18/20,595469,1030,61.2,0.009,0.009112036,2.16
5/19/20,610884,1064,60.3,0,0.008699272,2.16
5/20/20,623749,1090,57.5,0,0.008286507,2.16
5/21/20,629298,1137,57.4,0,0.007873743,2.16
5/22/20,633883,1169,63.7,0.001,0.007460978,2.16
5/23/20,335830,953,61.6,0.312,0.007048214,2.16
5/24/20,320015,921,60,0,0.006635449,2.16
5/25/20,393918,995,62.6,0,0.006222685,2.17
5/26/20,656766,1126,64.5,0,0.00580992,2.17
5/27/20,674465,1146,65.5,0,0.005397156,2.17
5/28/20,658057,1146,68.1,0,0.004984391,2.17
5/29/20,657259,1190,73.1,0.002,0.004571627,2.17
5/30/20,426737,1139,74.1,0.001,0.004158862,2.17
5/31/20,344426,1188,65.7,0,0.003746098,2.17
6/1/20,687162,1928,63.2,0,0.003333333,2.18
6/2/20,693760,1407,66.7,0,0.003759857,2.18
6/3/20,681714,934,69.9,0.366,0.00418638,2.18
6/4/20,726672,977,74.6,0.009,0.004612903,2.18
6/5/20,703576,927,72.5,0.168,0.005039427,2.18
6/6/20,464198,936,76.6,0.091,0.00546595,2.18
6/7/20,377990,922,72.2,0.009,0.005892473,2.18
6/8/20,804542,1041,71.3,0,0.006318996,2.19
6/9/20,842306,980,76.2,0,0.00674552,2.19
6/10/20,857015,1052,76,0,0.007172043,2.19
6/11/20,818297,985,74.1,0.022,0.007598566,2.19
6/12/20,896658,1099,77.1,0,0.00802509,2.19
6/13/20,545316,1051,69.6,0,0.008451613,2.19
6/14/20,430439,945,65.9,0,0.008878136,2.19
6/15/20,897112,1144,67.2,0,0.009304659,2.22
6/16/20,932671,967,68.9,0,0.009731183,2.22
6/17/20,948461,1082,69.1,0,0.010157706,2.22
6/18/20,942382,1038,69.8,0,0.010584229,2.22
6/19/20,986929,1013,72.2,0,0.011010753,2.22
6/20/20,576075,1106,75.6,0,0.011437276,2.22
6/21/20,449497,1051,76.7,0,0.011863799,2.22
6/22/20,1000046,1136,79.1,0,0.012290323,2.22
6/23/20,1050786,1131,78.2,0,0.012716846,2.22
6/24/20,1068333,1195,79.6,0,0.013143369,2.22
6/25/20,1078796,1149,77.2,0,0.013569892,2.22
6/26/20,1102382,1225,77.9,0,0.013996416,2.22
6/27/20,615398,1121,75.5,0.034,0.014422939,2.22
6/28/20,535898,1043,78.5,0.173,0.014849462,2.22
6/29/20,1100769,1069,77.6,0.085,0.015275986,2.24
6/30/20,1113124,1123,73.6,0.009,0.015702509,2.24
7/1/20,1120537,1261,73,0.543,0.016129032,2.24
7/2/20,1170483,1164,79.6,0,0.015504683,2.24
7/3/20,851877,1117,82,0.007,0.014880333,2.24
7/4/20,591605,1072,76.4,0.011,0.014255983,2.24
7/5/20,533692,1255,80.5,0,0.013631634,2.24
7/6/20,1084956,1139,79.1,0.026,0.013007284,2.25
7/7/20,1157185,1113,77,0,0.012382934,2.25
7/8/20,1172279,1143,78.5,0.011,0.011758585,2.25
7/9/20,1211280,1158,80.3,0.028,0.011134235,2.25
7/10/20,1030632,1100,75.7,0.189,0.010509886,2.25
7/11/20,692977,1038,79,0.028,0.009885536,2.25
7/12/20,628187,1207,81.1,0.013,0.009261186,2.25
7/13/20,1175700,1179,80.9,0.001,0.008636837,2.25
7/14/20,1241080,1186,80.6,0,0.008012487,2.25
7/15/20,1248413,1282,77,0,0.007388137,2.25
7/16/20,1249128,1146,74.3,0,0.006763788,2.25
7/17/20,1207265,1201,76.7,0.002,0.006139438,2.25
7/18/20,778936,1130,82.9,0,0.005515088,2.25
7/19/20,584994,1063,84.3,0,0.004890739,2.25
7/20/20,1156735,1123,86.8,0,0.004266389,2.26
7/21/20,1241819,1117,84.8,0,0.00364204,2.26
7/22/20,1233668,1138,81.9,0.489,0.00301769,2.26
7/23/20,1233795,1122,79.9,0.001,0.00239334,2.26
7/24/20,1218138,1116,76.9,0.013,0.001768991,2.26
7/25/20,816604,1117,81.5,0,0.001144641,2.26
7/26/20,606910,1139,85,0,0.000520291,2.26
7/27/20,1203503,1219,86.4,0,-0.000104058,2.27
7/28/20,1241770,1227,85.7,0,-0.000728408,2.27
7/29/20,1296102,1178,84.1,0.018,-0.001352758,2.27
7/30/20,1270172,1111,84.6,0,-0.001977107,2.27
7/31/20,1258539,1134,76.3,0.256,-0.002601457,2.27
8/1/20,842468,1491,80.9,0,-0.003225806,2.27
8/2/20,590060,1214,82.6,0,-0.002691641,2.27
8/3/20,1272996,1228,83.1,0.113,-0.002157475,2.26
8/4/20,1027187,1032,77.2,0.134,-0.001623309,2.26
8/5/20,1348202,1203,81.1,0,-0.001089143,2.26
8/6/20,1334694,1169,77.8,0,-0.000554977,2.26
8/7/20,1283894,1201,75.4,0.211,-2.08E-05,2.26
8/8/20,833287,1103,77.1,0,0.000513354,2.26
8/9/20,662993,1189,79.5,0,0.00104752,2.26
8/10/20,1275268,1263,83.2,0,0.001581686,2.26
8/11/20,1319814,1200,82.3,0,0.002115852,2.26
8/12/20,1298963,1220,81.8,1.222,0.002650017,2.26
8/13/20,1291277,1221,77.9,0.012,0.003184183,2.26
8/14/20,1355786,1372,80.9,0,0.003718349,2.26
8/15/20,860789,1210,78.4,0,0.004252515,2.26
8/16/20,554451,1123,70.5,0.012,0.004786681,2.26
8/17/20,1304485,1244,73.5,0.085,0.005320846,2.25
8/18/20,1369617,1192,75.6,0.235,0.005855012,2.25
8/19/20,1292148,1204,73.9,0.129,0.006389178,2.25
8/20/20,1410489,1281,75.3,0,0.006923344,2.25
8/21/20,1387463,1335,77.6,0,0.00745751,2.25
8/22/20,882522,1239,80.1,0.009,0.007991675,2.25
8/23/20,671560,1174,79.6,0,0.008525841,2.25
8/24/20,1307345,1248,82.1,0,0.009060007,2.25
8/25/20,1346490,1245,81.7,0.059,0.009594173,2.25
8/26/20,1407639,1241,75.6,0,0.010128339,2.25
8/27/20,1358272,1153,79.2,0.145,0.010662504,2.25
8/28/20,1388583,1213,78,0,0.01119667,2.25
8/29/20,773667,1212,76.4,0.009,0.011730836,2.25
8/30/20,748061,1134,75.7,0,0.012265002,2.25
8/31/20,1397264,1148,72.9,0,0.012799168,2.28
9/1/20,1469274,1361,73.6,0.15,0.013333333,2.28
9/2/20,1487969,1271,75.7,0.006,0.012673835,2.28
9/3/20,1529185,1177,79.1,0.332,0.012014337,2.28
9/4/20,1568385,1244,78.7,0,0.011354839,2.28
9/5/20,1013725,1207,75.2,0,0.010695341,2.28
9/6/20,819409,1170,74.5,0,0.010035842,2.28
9/7/20,870964,1240,74.1,0,0.009376344,2.3
9/8/20,1555816,1343,75.5,0,0.008716846,2.3
9/9/20,1610076,1227,75.7,0,0.008057348,2.3
9/10/20,1543662,1264,76.9,1.022,0.007397849,2.3
9/11/20,1690334,1284,75,0.018,0.006738351,2.3
9/12/20,1083698,1217,69.1,0,0.006078853,2.3
9/13/20,796740,1157,71.4,0,0.005419355,2.3
9/14/20,1604381,1219,73.1,0,0.004759857,2.29
9/15/20,1678078,1208,63.5,0,0.004100358,2.29
9/16/20,1686909,1150,66.5,0,0.00344086,2.29
9/17/20,1692368,1301,70.4,0,0.002781362,2.29
9/18/20,1725443,1265,68.7,0,0.002121864,2.29
9/19/20,1136947,1067,60.9,0,0.001462366,2.29
9/20/20,827605,1095,60.7,0,0.000802867,2.29
9/21/20,1624139,1070,62,0,0.000143369,2.28
9/22/20,1698504,1079,64.5,0,-0.000516129,2.28
9/23/20,1735333,1122,70.9,0,-0.001175627,2.28
9/24/20,1722364,1173,70.1,0,-0.001835125,2.28
9/25/20,1761591,1248,69.6,0,-0.002494624,2.28
9/26/20,1120143,1230,69.7,0,-0.003154122,2.28
9/27/20,846179,1178,72.8,0,-0.00381362,2.28
9/28/20,1489240,1200,72.8,0.011,-0.004473118,2.27
9/29/20,1661264,1161,71.1,0.206,-0.005132616,2.27
9/30/20,1740820,1220,67.2,0.628,-0.005792115,2.27
10/1/20,1809958,1462,66.6,0,-0.006451613,2.27
10/2/20,1790612,1271,62.8,0.003,-0.006566077,2.27
10/3/20,1168040,1225,62.1,0,-0.006680541,2.27
10/4/20,852830,1067,61.7,0,-0.006795005,2.27
10/5/20,1678792,1225,61.2,0,-0.006909469,2.26
10/6/20,1758454,1264,64.4,0,-0.007023933,2.26
10/7/20,1770617,1249,66.8,0.001,-0.007138398,2.26
10/8/20,1798005,1211,62,0,-0.007252862,2.26
10/9/20,1808079,1196,62.3,0,-0.007367326,2.26
10/10/20,1170227,1273,65.8,0,-0.00748179,2.26
10/11/20,848469,1194,65.4,0,-0.007596254,2.26
10/12/20,1284655,1011,55.4,0.071,-0.007710718,2.26
10/13/20,1715183,1196,58.3,0.053,-0.007825182,2.26
10/14/20,1838682,1233,61.6,0.009,-0.007939646,2.26
10/15/20,1853753,1323,65.3,0,-0.00805411,2.26
10/16/20,1671320,1083,59,0.147,-0.008168574,2.26
10/17/20,1209473,1151,55.5,0.003,-0.008283039,2.26
10/18/20,896812,1159,57.9,0,-0.008397503,2.26
10/19/20,1719153,1228,60.8,0,-0.008511967,2.25
10/20/20,1780231,1371,64.6,0,-0.008626431,2.25
10/21/20,1812949,1315,64.7,0,-0.008740895,2.25
10/22/20,1825208,1261,65.9,0,-0.008855359,2.25
10/23/20,1842588,1382,64.5,0,-0.008969823,2.25
10/24/20,1185612,1244,63.3,0,-0.009084287,2.25
10/25/20,885001,1026,51.8,0.002,-0.009198751,2.25
10/26/20,1690651,1140,56.4,0.001,-0.009313215,2.25
10/27/20,1815242,1286,58.5,0,-0.00942768,2.25
10/28/20,1819352,1227,56.6,0.008,-0.009542144,2.25
10/29/20,1705072,956,53.2,0.515,-0.009656608,2.25
10/30/20,1768018,1134,45,0.302,-0.009771072,2.25
10/31/20,1174059,1196,43.5,0,-0.009885536,2.25
11/1/20,786675,1346,51.8,0.024,-0.01,2.25
11/2/20,1747908,1098,44.7,0,-0.009236559,2.24
11/3/20,1602912,1067,49.1,0,-0.008473118,2.24
11/4/20,1690489,1228,54.3,0,-0.007709677,2.24
11/5/20,1793796,1211,58.9,0,-0.006946237,2.24
11/6/20,1837314,1302,62,0,-0.006182796,2.24
11/7/20,1246321,1294,64.3,0,-0.005419355,2.24
11/8/20,927670,1169,62.9,0.009,-0.004655914,2.24
11/9/20,1752614,1209,63.5,0,-0.003892473,2.22
11/10/20,1836902,1200,65.3,0,-0.003129032,2.22
11/11/20,1614812,1171,66.2,0.22,-0.002365591,2.22
11/12/20,1776666,1129,57.5,0.177,-0.001602151,2.22
11/13/20,1816693,1188,50.7,0.02,-0.00083871,2.22
11/14/20,1215477,1125,50.6,0.009,-7.53E-05,2.22
11/15/20,820858,1074,52.9,0.107,0.000688172,2.22
11/16/20,1741750,1166,52.3,0.009,0.001451613,2.22
11/17/20,1788847,1115,45.7,0,0.002215054,2.22
11/18/20,1787688,1085,37.3,0,0.002978495,2.22
11/19/20,1757535,1132,41.4,0.009,0.003741935,2.22
11/20/20,1800423,1271,53.7,0,0.004505376,2.22
11/21/20,1157957,1181,56.5,0,0.005268817,2.22
11/22/20,817963,1103,50.7,0,0.006032258,2.22
11/23/20,1646525,1138,52.8,0.045,0.006795699,2.22
11/24/20,1735702,1126,46.7,0,0.00755914,2.22
11/25/20,1688227,1227,50.7,0,0.008322581,2.22
11/26/20,652276,904,59.3,0.448,0.009086022,2.22
11/27/20,1263473,1250,55.4,0,0.009849462,2.22
11/28/20,1032823,1191,51.8,0,0.010612903,2.22
11/29/20,826974,1139,49,0,0.011376344,2.22
11/30/20,1459131,1432,57.1,0.389,0.012139785,2.22
12/1/20,1706348,1341,50.1,0.009,0.012903226,2.22
12/2/20,1699968,1153,40.9,0,0.012903226,2.22
12/3/20,1736045,1179,43.6,0,0.012903226,2.22
12/4/20,1701628,1199,47.5,0.032,0.012903226,2.22
12/5/20,1000240,1142,44.7,0.085,0.012903226,2.22
12/6/20,878393,1035,39.6,0,0.012903226,2.22
12/7/20,1656627,1125,37.4,0,0.012903226,2.25
12/8/20,1540893,1115,35.6,0,0.012903226,2.25
12/9/20,1701926,1094,36.1,0.002,0.012903226,2.25
12/10/20,1761336,1189,43.9,0,0.012903226,2.25
12/11/20,1786290,1271,48.4,0,0.012903226,2.25
12/12/20,1091352,1180,51.9,0,0.012903226,2.25
12/13/20,911439,1127,53.7,0,0.012903226,2.25
12/14/20,1584089,1018,42.1,0.07,0.012903226,2.26
12/15/20,1783388,1100,37.4,0.009,0.012903226,2.26
12/16/20,1569079,953,31.2,0.157,0.012903226,2.26
12/17/20,1079818,804,31.9,0.108,0.012903226,2.26
12/18/20,1735664,1067,31.1,0,0.012903226,2.26
12/19/20,1112827,1079,30.1,0,0.012903226,2.26
12/20/20,821265,1073,36,0.001,0.012903226,2.26
12/21/20,1716035,1014,41.4,0,0.012903226,2.28
12/22/20,1760948,1133,42.3,0,0.012903226,2.28
12/23/20,1772537,1134,41.3,0,0.012903226,2.28
12/24/20,1312480,1075,52.9,0.003,0.012903226,2.28
12/25/20,485208,882,48.5,0.539,0.012903226,2.28
12/26/20,879170,993,29.5,0,0.012903226,2.28
12/27/20,760350,895,32.7,0,0.012903226,2.28
12/28/20,1510168,1082,44.2,0,0.012903226,2.32
12/29/20,1555198,1027,38.8,0,0.012903226,2.32
12/30/20,1582486,1075,36,0,0.012903226,2.32
12/31/20,1274984,1025,43.5,0.104,0.012903226,2.32
1/1/21,613692,1688,38.4,0.128,0.012903226,2.32
1/2/21,988418,994,43.3,0.035,0.012832615,2.32
1/3/21,653187,911,38.1,0.013,0.012762004,2.32
1/4/21,1557977,1056,40.1,0.003,0.012691393,2.33
1/5/21,1597518,1116,39.7,0,0.012620782,2.33
1/6/21,1613629,1063,39.3,0.018,0.012550171,2.33
1/7/21,1611099,1119,37.6,0.009,0.01247956,2.33
1/8/21,1619242,1112,34.4,0,0.012408949,2.33
1/9/21,990412,1065,34,0,0.012338338,2.33
1/10/21,763097,970,37.3,0,0.012267727,2.33
1/11/21,1568207,1032,34.6,0,0.012197116,2.36
1/12/21,1640428,1117,38.7,0,0.012126505,2.36
1/13/21,1641652,1107,39.5,0,0.012055894,2.36
1/14/21,1647396,1132,43.6,0,0.011985283,2.36
1/15/21,1627120,1277,42.8,0.109,0.011914672,2.36
1/16/21,991500,1111,43.1,0.51,0.011844061,2.36
1/17/21,797654,1019,40.6,0,0.01177345,2.36
1/18/21,1276978,987,41.5,0,0.011702839,2.44
1/19/21,1635915,1145,38.4,0,0.011632228,2.44
1/20/21,1575075,1131,36.3,0.01,0.011561617,2.44
1/21/21,1652842,1187,35.1,0,0.011491006,2.44
1/22/21,1672001,1141,40.5,0,0.011420395,2.44
1/23/21,997551,923,32,0,0.011349784,2.44
1/24/21,741139,901,29.4,0,0.011279173,2.44
1/25/21,1592468,1043,33,0,0.011208563,2.49
1/26/21,1550953,1025,34.9,0.007,0.011137952,2.49
1/27/21,1660278,1069,36.3,0.001,0.011067341,2.49
1/28/21,1646806,959,31,0,0.01099673,2.49
1/29/21,1511680,989,23.5,0,0.010926119,2.49
1/30/21,942615,997,26.5,0,0.010855508,2.49
1/31/21,722853,863,25.7,0.006,0.010784897,2.49
2/1/21,583230,802,30.6,0.211,0.010714286,2.51
2/2/21,1005985,804,33,0.037,0.010792462,2.51
2/3/21,1702598,984,33.8,0.001,0.010870639,2.51
2/4/21,1785833,1080,37.6,0,0.010948815,2.51
2/5/21,1741015,1119,41.3,0.004,0.011026991,2.51
2/6/21,1148477,1017,38.7,0,0.011105168,2.51
2/7/21,652521,864,34.8,0.024,0.011183344,2.51
2/8/21,1639753,968,26.9,0,0.011261521,2.54
2/9/21,1666467,971,31.6,0,0.011339697,2.54
2/10/21,1750121,1060,31.8,0,0.011417874,2.54
2/11/21,1714656,1002,30.4,0.053,0.01149605,2.54
2/12/21,1706430,1073,28.1,0,0.011574226,2.54
2/13/21,1092063,976,29.9,0,0.011652403,2.54
2/14/21,858014,1026,33.8,0,0.011730579,2.54
2/15/21,1218593,980,34.9,0.002,0.011808756,2.59
2/16/21,1627528,1087,41.9,0.4,0.011886932,2.59
2/17/21,1733160,1114,30.9,0,0.011965109,2.59
2/18/21,1381886,843,29.1,0.064,0.012043285,2.59
2/19/21,1566021,985,31.9,0.014,0.012121461,2.59
2/20/21,1110589,1089,32.5,0,0.012199638,2.59
2/21/21,836095,986,31.9,0,0.012277814,2.59
2/22/21,1582054,952,34.5,0.375,0.012355991,2.66
2/23/21,1730198,1079,39.5,0.001,0.012434167,2.66
2/24/21,1806306,1164,46.1,0,0.012512344,2.66
2/25/21,1798165,1191,46,0,0.01259052,2.66
2/26/21,1822812,1151,40.1,0,0.012668697,2.66
2/27/21,1072932,1024,44.1,0.164,0.012746873,2.66
2/28/21,810071,1025,42.4,0.078,0.012825049,2.66
3/1/21,1696274,1388,42.4,0.096,0.012903226,2.75
3/2/21,1749511,1100,30.9,0,0.013239681,2.75
3/3/21,1846431,1206,41.7,0,0.013576136,2.75
3/4/21,1808744,1202,40.2,0,0.013912591,2.75
3/5/21,1825915,1175,32.7,0,0.014249046,2.75
3/6/21,1167884,1014,33.8,0,0.014585501,2.75
3/7/21,894119,965,35.6,0,0.014921956,2.75
3/8/21,1719586,983,36.5,0,0.015258411,2.81
3/9/21,1834068,1181,50.5,0,0.015594866,2.81
3/10/21,1849077,1180,47.4,0,0.015931322,2.81
3/11/21,1881902,1169,55.4,0,0.016267777,2.81
3/12/21,1914465,1320,61,0,0.016604232,2.81
3/13/21,1257372,1118,43.8,0,0.016940687,2.81
3/14/21,923968,997,45.1,0,0.017277142,2.81
3/15/21,1730024,1084,34.2,0,0.017613597,2.88
3/16/21,1798288,1105,34.6,0,0.017950052,2.88
3/17/21,1866414,1150,40.4,0,0.018286507,2.88
3/18/21,1771092,1033,44.3,0.367,0.018622962,2.88
3/19/21,1906749,1122,40.2,0.089,0.018959417,2.88
3/20/21,1307403,1155,44.9,0,0.019295872,2.88
3/21/21,1013386,1125,49.5,0,0.019632327,2.88
3/22/21,1801438,1114,48.9,0,0.019968783,2.91
3/23/21,1879574,1157,50.8,0,0.020305238,2.91
3/24/21,1828084,1130,51.1,0.869,0.020641693,2.91
3/25/21,1925768,1171,54.4,0.01,0.020978148,2.91
3/26/21,1938246,1140,62.2,0.019,0.021314603,2.91
3/27/21,1374266,1080,56.8,0,0.021651058,2.91
3/28/21,807247,949,54.5,0.295,0.021987513,2.91
3/29/21,1742162,1080,51.1,0,0.022323968,2.91
3/30/21,1881537,1134,50.8,0,0.022660423,2.91
3/31/21,1808546,1048,55.9,0.222,0.022996878,2.91
4/1/21,1841815,1254,47.4,0.059,0.023333333,2.91
4/2/21,1757698,1107,36.8,0,0.02309319,2.91
4/3/21,1318461,972,43.2,0.009,0.022853047,2.91
4/4/21,950194,953,52.1,0,0.022612903,2.91
4/5/21,1818703,1109,58,0,0.02237276,2.9
4/6/21,1942198,1082,58.5,0,0.022132616,2.9
4/7/21,1985370,1135,58.1,0,0.021892473,2.9
4/8/21,2013413,1113,57,0,0.02165233,2.9
4/9/21,2026724,1110,50.9,0.001,0.021412186,2.9
4/10/21,1391245,1280,55,0,0.021172043,2.9
4/11/21,899646,989,53.7,0.117,0.0209319,2.9
4/12/21,1845836,996,47.5,0.212,0.020691756,2.9
4/13/21,2012153,1117,54,0.091,0.020451613,2.9
4/14/21,2018126,1106,56.7,0,0.02021147,2.9
4/15/21,1906733,1095,52.7,0.309,0.019971326,2.9
4/16/21,2078856,1101,47.7,0.021,0.019731183,2.9
4/17/21,1425036,1090,50.3,0,0.019491039,2.9
4/18/21,1082503,970,55,0,0.019250896,2.9
4/19/21,1911326,1115,57.3,0,0.019010753,2.89
4/20/21,2082495,1110,61.4,0,0.018770609,2.89
4/21/21,1965922,1057,55.7,0.074,0.018530466,2.89
4/22/21,2040232,1042,43.7,0.009,0.018290323,2.89
4/23/21,2121350,1095,52.2,0.009,0.018050179,2.89
4/24/21,1520057,1135,58.7,0,0.017810036,2.89
4/25/21,985027,1021,56,0.052,0.017569892,2.89
4/26/21,1955370,1163,53.1,0,0.017329749,2.92
4/27/21,2041698,1139,54.6,0,0.017089606,2.92
4/28/21,2135793,1102,63,0.001,0.016849462,2.92
4/29/21,2028524,1118,65.3,0.001,0.016609319,2.92
4/30/21,2159476,1145,62.9,0.002,0.016369176,2.92
5/1/21,1515211,1335,54.5,0,0.016129032,2.92
5/2/21,1153471,1113,66.1,0,0.01668401,2.92
5/3/21,1971010,1128,60.7,0.014,0.017238987,2.93
5/4/21,2120071,1090,59.2,0.117,0.017793965,2.93
5/5/21,2074543,1101,54.9,0.121,0.018348942,2.93
5/6/21,2199943,1202,58.7,0,0.01890392,2.93
5/7/21,2238033,1202,57.4,0,0.019458897,2.93
5/8/21,1444674,1123,52.1,0.022,0.020013874,2.93
5/9/21,1107878,1019,52.3,0.058,0.020568852,2.93
5/10/21,1990039,1161,54.1,0.016,0.021123829,2.98
5/11/21,2148322,1168,58.3,0,0.021678807,2.98
5/12/21,2182277,1227,58.4,0,0.022233784,2.98
5/13/21,2163052,1232,61.6,0,0.022788762,2.98
5/14/21,2266974,1216,64.8,0.009,0.023343739,2.98
5/15/21,1637231,1339,66.2,0,0.023898717,2.98
5/16/21,1201904,1207,65.3,0.001,0.024453694,2.98
5/17/21,2022584,1247,66.4,0,0.025008672,3.04
5/18/21,2150049,1262,70.2,0,0.025563649,3.04
5/19/21,2257549,1315,74.2,0,0.026118626,3.04
5/20/21,2269471,1294,66.9,0,0.026673604,3.04
5/21/21,2331876,1281,66.8,0.009,0.027228581,3.04
5/22/21,1645268,1240,75.2,0,0.027783559,3.04
5/23/21,1268928,1243,79.2,0.009,0.028338536,3.04
5/24/21,2118877,1277,63,0,0.028893514,3.07
5/25/21,2270945,1300,64.8,0,0.029448491,3.07
5/26/21,2275882,1215,72.4,0.002,0.030003469,3.07
5/27/21,2352019,1241,73.8,0.014,0.030558446,3.07
5/28/21,2232599,1151,61,0.143,0.031113424,3.07
5/29/21,1370135,943,50.9,0.423,0.031668401,3.07
5/30/21,1065176,912,50.9,0.34,0.032223378,3.07
5/31/21,1389651,1097,59.5,0.012,0.032778356,3.08
6/1/21,2258831,1514,66.5,0,0.033333333,3.08
6/2/21,2343745,1291,66.7,0,0.032114695,3.08
6/3/21,2233917,1228,65.6,0.03,0.030896057,3.08
6/4/21,2310032,1230,69.2,0.704,0.029677419,3.08
6/5/21,1792204,1274,77.1,0.045,0.028458781,3.08
6/6/21,1363344,1295,82.6,0,0.027240143,3.08
6/7/21,2223265,1252,80.7,0.003,0.026021505,3.08
6/8/21,2265591,1201,78,0.131,0.024802867,3.08
6/9/21,2386026,1270,78.6,0.009,0.023584229,3.08
6/10/21,2473818,1346,75.6,0,0.022365591,3.08
6/11/21,2468258,1268,66.4,0,0.021146953,3.08
6/12/21,1775538,1157,66.5,0,0.019928315,3.08
6/13/21,1379959,1198,67.2,0.001,0.018709677,3.08
6/14/21,2223186,1226,68.4,0.012,0.017491039,3.1
6/15/21,2469785,1226,72.8,0.028,0.016272401,3.1
6/16/21,2519444,1218,71.1,0,0.015053763,3.1
6/17/21,2552497,1284,71.1,0,0.013835125,3.1
6/18/21,2572013,1280,73.8,0,0.012616487,3.1
6/19/21,1784312,1127,75.5,0.042,0.011397849,3.1
6/20/21,1389352,1227,76.7,0.018,0.010179211,3.1
6/21/21,2264368,1360,79.4,0.009,0.008960573,3.13
6/22/21,2354873,1186,69.8,0.023,0.007741935,3.13
6/23/21,2547416,1265,67.5,0,0.006523297,3.13
6/24/21,2552639,1248,69.3,0,0.005304659,3.13
6/25/21,2582713,1314,70.6,0.028,0.004086022,3.13
6/26/21,1854179,1314,75.2,0.039,0.002867384,3.13
6/27/21,1559967,1192,79.6,0.009,0.001648746,3.13
6/28/21,2252362,1274,82.8,0.009,0.000430108,3.14
6/29/21,2343739,1216,85.4,0,-0.00078853,3.14
6/30/21,2346388,1227,86.3,0.224,-0.002007168,3.14
7/1/21,2292461,1370,76.2,0.141,-0.003225806,3.14
7/2/21,2296044,1254,72.8,0.199,-0.00301769,3.14
7/3/21,1541988,1215,64.5,0.047,-0.002809573,3.14
7/4/21,1468510,1222,70.8,0.009,-0.002601457,3.14
7/5/21,1495709,1286,76.3,0,-0.00239334,3.17
7/6/21,2302002,1199,80.2,0.259,-0.002185224,3.17
7/7/21,2437064,1304,82,0.009,-0.001977107,3.17
7/8/21,2364250,1274,78.4,0.229,-0.001768991,3.17
7/9/21,2318387,1213,77.3,0.117,-0.001560874,3.17
7/10/21,1781717,1265,75.6,0.029,-0.001352758,3.17
7/11/21,1365854,1306,74.1,0.001,-0.001144641,3.17
7/12/21,2245412,1243,78,0.371,-0.000936524,3.19
7/13/21,2457526,1318,72.9,0.009,-0.000728408,3.19
7/14/21,2517615,1273,77.6,0,-0.000520291,3.19
7/15/21,2581582,1399,81.6,0.009,-0.000312175,3.19
7/16/21,2536569,1372,84.8,0,-0.000104058,3.19
7/17/21,1717480,1301,81.9,0.178,0.000104058,3.19
7/18/21,1405344,1239,77.5,0.136,0.000312175,3.19
7/19/21,2327756,1220,77,0.01,0.000520291,3.2
7/20/21,2462002,1314,80.7,0.009,0.000728408,3.2
7/21/21,2504568,1268,78,0.087,0.000936524,3.2
7/22/21,2582151,1320,76,0,0.001144641,3.2
7/23/21,2552330,1369,76.2,0.001,0.001352758,3.2
7/24/21,1852402,1315,77.1,0.009,0.001560874,3.2
7/25/21,1364830,1203,76.8,0.075,0.001768991,3.2
7/26/21,2318455,1268,81.9,0.066,0.001977107,3.2
7/27/21,2487947,1239,82.2,0.009,0.002185224,3.2
7/28/21,2534756,1323,76.6,0.028,0.00239334,3.2
7/29/21,2428764,1207,74,0.239,0.002601457,3.2
7/30/21,2557677,1232,76.7,0,0.002809573,3.2
7/31/21,1841007,1222,71.7,0,0.00301769,3.2
8/1/21,1351294,1360,72.7,0.049,0.003225806,3.2
8/2/21,2333923,1227,73.5,0.009,0.003659383,3.21
8/3/21,2483802,1257,74.1,0.009,0.004092959,3.21
8/4/21,2529002,1297,72.9,0,0.004526535,3.21
8/5/21,2529190,1272,74.2,0,0.004960111,3.21
8/6/21,2519444,1342,78,0,0.005393687,3.21
8/7/21,1780458,1258,78.5,0,0.005827263,3.21
8/8/21,1333885,1156,71.9,0.113,0.006260839,3.21
8/9/21,2289434,1256,74.6,0.02,0.006694416,3.22
8/10/21,2442194,1252,77.2,0.243,0.007127992,3.22
8/11/21,2475949,1295,80.8,0.238,0.007561568,3.22
8/12/21,2448589,1321,83.2,0.018,0.007995144,3.22
8/13/21,2430102,1363,86.2,0.009,0.00842872,3.22
8/14/21,1718222,1265,83.9,0,0.008862296,3.22
8/15/21,1430620,1277,78.5,0,0.009295872,3.22
8/16/21,2287627,1274,76.3,0,0.009729448,3.22
8/17/21,2427611,1231,76.6,0,0.010163025,3.22
8/18/21,2445638,1292,77.8,0,0.010596601,3.22
8/19/21,2439624,1287,80.5,0.067,0.011030177,3.22
8/20/21,2456334,1330,79.2,0.001,0.011463753,3.22
8/21/21,1715030,1272,78,1.793,0.011897329,3.22
8/22/21,745240,1047,73.8,0.694,0.012330905,3.22
8/23/21,2052669,1182,77.4,0.062,0.012764481,3.22
8/24/21,2462365,1237,83.3,0.009,0.013198058,3.22
8/25/21,2498255,1316,84,0,0.013631634,3.22
8/26/21,2480137,1233,84.2,0,0.01406521,3.22
8/27/21,2388210,1274,82.5,0.255,0.014498786,3.22
8/28/21,1659434,1254,74.7,0.046,0.014932362,3.22
8/29/21,1398566,1155,72.4,0,0.015365938,3.22
8/30/21,2321000,1311,78.6,0,0.015799514,3.22
8/31/21,2532584,1255,80.6,0,0.016233091,3.22
9/1/21,2294448,1350,73,2.821,0.016666667,3.22
9/2/21,1661558,1201,70.7,0.075,0.016433692,3.22
9/3/21,2390392,1260,69.8,0.009,0.016200717,3.22
9/4/21,1777639,1290,72.3,0,0.015967742,3.22
9/5/21,1415352,1220,72,0.002,0.015734767,3.22
9/6/21,1521388,1212,76.7,0.028,0.015501792,3.26
9/7/21,2233674,1271,75.1,0,0.015268817,3.26
9/8/21,2529619,1231,76.6,0,0.015035842,3.26
9/9/21,2702713,1224,71.7,0.163,0.014802867,3.26
9/10/21,2840443,1327,71.7,0.009,0.014569892,3.26
9/11/21,1983091,1289,71.6,0.009,0.014336918,3.26
9/12/21,1589976,1295,75.1,0,0.014103943,3.26
9/13/21,2852796,1347,79.2,0.174,0.013870968,3.28
9/14/21,3011275,1363,74.4,0,0.013637993,3.28
9/15/21,2987334,1442,78.6,0,0.013405018,3.28
9/16/21,2534545,1386,74.8,0,0.013172043,3.28
9/17/21,3028545,1499,72.9,0,0.012939068,3.28
9/18/21,2014848,1370,77.4,0.027,0.012706093,3.28
9/19/21,1596823,1265,73.5,0,0.012473118,3.28
9/20/21,2883211,1319,71.1,0,0.012240143,3.28
9/21/21,3018312,1370,72,0.032,0.012007168,3.28
9/22/21,3021113,1422,75.5,0.037,0.011774194,3.28
9/23/21,3016106,1447,75.2,0.577,0.011541219,3.28
9/24/21,3121747,1440,67.7,0.552,0.011308244,3.28
9/25/21,2129492,1407,70.4,0,0.011075269,3.28
9/26/21,1614677,1340,69.3,0.009,0.010842294,3.28
9/27/21,2873368,1446,71,0,0.010609319,3.28
9/28/21,2927715,1383,69.7,0.041,0.010376344,3.28
9/29/21,3063720,1327,65,0,0.010143369,3.28
9/30/21,3146861,1345,64.1,0,0.009910394,3.28
10/1/21,3162881,1639,61.6,0,0.009677419,3.28
10/2/21,2063660,1369,66.9,0,0.009687825,3.28
10/3/21,1575738,1327,70.6,0,0.009698231,3.28
10/4/21,2864349,1373,69,0.035,0.009708637,3.28
10/5/21,3091160,1376,64.1,0.009,0.009719043,3.28
10/6/21,3140986,1440,66.6,0,0.009729448,3.28
10/7/21,3190747,1411,69.4,0,0.009739854,3.28
10/8/21,3168473,1485,69.9,0.009,0.00975026,3.28
10/9/21,2052699,1341,65.9,0,0.009760666,3.28
10/10/21,1499385,1264,65,0.052,0.009771072,3.28
10/11/21,2263615,1355,67.9,0.009,0.009781478,3.32
10/12/21,3102879,1407,66.9,0,0.009791883,3.32
10/13/21,3157457,1461,67.2,0,0.009802289,3.32
10/14/21,3240686,1458,71.4,0.046,0.009812695,3.32
10/15/21,3227068,1582,72.3,0,0.009823101,3.32
10/16/21,2042027,1416,70.5,0.087,0.009833507,3.32
10/17/21,1629991,1240,59.4,0.019,0.009843913,3.32
10/18/21,2982883,1342,55.9,0,0.009854318,3.39
10/19/21,3178208,1346,59.1,0,0.009864724,3.39
10/20/21,3234327,1521,67.9,0,0.00987513,3.39
10/21/21,3267697,1484,67.8,0,0.009885536,3.39
10/22/21,3225816,1454,66.2,0,0.009895942,3.39
10/23/21,2077488,1351,57.8,0,0.009906348,3.39
10/24/21,1599927,1264,56.4,0,0.009916753,3.39
10/25/21,2994936,1349,67.4,0.017,0.009927159,3.51
10/26/21,2702635,1274,60.8,0.355,0.009937565,3.51
10/27/21,3300580,1350,59.4,0.021,0.009947971,3.51
10/28/21,3365971,1396,56.8,0,0.009958377,3.51
10/29/21,3251779,1351,55,0.161,0.009968783,3.51
10/30/21,2044310,1330,60.6,0.059,0.009979188,3.51
10/31/21,1746769,1368,60.3,0.004,0.009989594,3.51
11/1/21,3034306,1542,58.2,0,0.01,3.54
11/2/21,2848222,1332,52.9,0,0.009451613,3.54
11/3/21,3293732,1383,49.5,0,0.008903226,3.54
11/4/21,3284315,1374,49.3,0,0.008354839,3.54
11/5/21,3293438,1468,49.9,0,0.007806452,3.54
11/6/21,2195864,1303,51.1,0,0.007258065,3.54
11/7/21,1888985,1277,52.1,0.009,0.006709677,3.54
11/8/21,3065533,1369,58,0,0.00616129,3.55
11/9/21,3279457,1437,60,0,0.005612903,3.55
11/10/21,3351992,1446,60.7,0.018,0.005064516,3.55
11/11/21,2922235,1390,56.3,0,0.004516129,3.55
11/12/21,3158682,1482,61.5,0.26,0.003967742,3.55
11/13/21,2169863,1280,52.1,0.303,0.003419355,3.55
11/14/21,1703136,1279,43.8,0.015,0.002870968,3.55
11/15/21,3110969,1555,43.8,0.003,0.002322581,3.56
11/16/21,3340844,1450,43.3,0,0.001774194,3.56
11/17/21,3369069,1410,49.5,0,0.001225806,3.56
11/18/21,3412249,1450,59.9,0.051,0.000677419,3.56
11/19/21,3316999,1499,44.6,0.037,0.000129032,3.56
11/20/21,2135731,1421,42.4,0,-0.000419355,3.56
11/21/21,1674206,1350,50.2,0.009,-0.000967742,3.56
11/22/21,3130363,1326,47.6,0.043,-0.001516129,3.56
11/23/21,3286591,1310,36.8,0,-0.002064516,3.56
11/24/21,3085289,1389,38.2,0,-0.002612903,3.56
11/25/21,1357198,1231,48.1,0,-0.00316129,3.56
11/26/21,2089772,1381,43.7,0.12,-0.003709677,3.56
11/27/21,1880422,1279,36.9,0,-0.004258065,3.56
11/28/21,1465745,1250,37.4,0,-0.004806452,3.56
11/29/21,2996015,1381,38.9,0.003,-0.005354839,3.56
11/30/21,3207209,1428,37.3,0,-0.005903226,3.56
12/1/21,3326469,1697,44.9,0,-0.006451613,3.56
12/2/21,3358843,1482,53.3,0.035,-0.005098855,3.56
12/3/21,3374097,1501,44.1,0,-0.003746098,3.56
12/4/21,2318147,1425,42.6,0,-0.00239334,3.56
12/5/21,1737352,1326,44.3,0,-0.001040583,3.56
12/6/21,3135869,1390,52.8,0.428,0.000312175,3.55
12/7/21,3367790,1329,39.7,0,0.001664932,3.55
12/8/21,3378727,1363,38.6,0.042,0.00301769,3.55
12/9/21,3433600,1326,35.9,0,0.004370447,3.55
12/10/21,3417451,1452,44.8,0,0.005723205,3.55
12/11/21,2266265,1394,55.7,0.134,0.007075963,3.55
12/12/21,1829872,1368,46.4,0,0.00842872,3.55
12/13/21,3120850,1402,46.4,0,0.009781478,3.53
12/14/21,3274170,1373,48.2,0,0.011134235,3.53
12/15/21,3242168,1448,47.6,0,0.012486993,3.53
12/16/21,3219799,1424,58,0,0.01383975,3.53
12/17/21,3112088,1438,56.8,0,0.015192508,3.53
12/18/21,1880969,1290,43.5,0.074,0.016545265,3.53
12/19/21,1579809,1152,38.6,0.021,0.017898023,3.53
12/20/21,2716451,1282,31.6,0,0.01925078,3.52
12/21/21,2697325,1276,37.6,0,0.020603538,3.52
12/22/21,2634565,1341,40.7,0.133,0.021956296,3.52
12/23/21,2486489,1237,33.6,0,0.023309053,3.52
12/24/21,1575449,1184,35.3,0.029,0.024661811,3.52
12/25/21,810937,909,42.7,0.167,0.026014568,3.52
12/26/21,1284738,1060,45.9,0,0.027367326,3.52
12/27/21,2007649,1147,36.7,0.068,0.028720083,3.5
12/28/21,2168419,1131,42.5,0.022,0.030072841,3.5
12/29/21,2167077,1186,42.3,0.197,0.031425598,3.5
12/30/21,2198415,1229,45.9,0.053,0.032778356,3.5
12/31/21,1627589,1286,50.7,0,0.034131113,3.5
1/1/22,1027918,1708,52.8,0.727,0.035483871,3.5
1/2/22,1219735,1175,50.3,0.092,0.034684852,3.5
1/3/22,2168229,1141,30.1,0,0.033885833,3.49
1/4/22,2289352,1156,27.2,0,0.033086814,3.49
1/5/22,2267942,1250,39.5,0.227,0.032287795,3.49
1/6/22,2391176,1245,37.8,0,0.031488777,3.49
1/7/22,2121941,1162,30.4,0.367,0.030689758,3.49
1/8/22,1486065,1158,26.1,0,0.029890739,3.49
1/9/22,1102472,1118,35.9,0.108,0.02909172,3.49
1/10/22,2347323,1260,30.7,0,0.028292701,3.49
1/11/22,2266378,1164,18.9,0,0.027493682,3.49
1/12/22,2459224,1318,31.6,0,0.026694663,3.49
1/13/22,2524197,1354,39.9,0,0.025895644,3.49
1/14/22,2522972,1427,37.5,0,0.025096626,3.49
1/15/22,1434676,1231,16.3,0,0.024297607,3.49
1/16/22,1165626,1135,20.7,0.219,0.023498588,3.49
1/17/22,1600048,1252,38.5,1.042,0.022699569,3.48
1/18/22,2541044,1274,33.1,0,0.02190055,3.48
1/19/22,2642129,1326,40.4,0,0.021101531,3.48
1/20/22,2545486,1306,35.7,0.241,0.020302512,3.48
1/21/22,2565781,1259,18.6,0,0.019503493,3.48
1/22/22,1583650,1281,22.1,0,0.018704475,3.48
1/23/22,1245716,1198,30.3,0.021,0.017905456,3.48
1/24/22,2536827,1265,31.4,0,0.017106437,3.49
1/25/22,2701246,1343,37.3,0,0.016307418,3.49
1/26/22,2711803,1262,24.6,0,0.015508399,3.49
1/27/22,2724979,1250,25.5,0,0.01470938,3.49
1/28/22,2703403,1240,31,0.068,0.013910361,3.49
1/29/22,999347,831,19.4,0.625,0.013111342,3.49
1/30/22,1262477,1007,19,0,0.012312323,3.49
1/31/22,2575762,1122,25.7,0,0.011513305,3.52
2/1/22,2635083,1363,31.3,0,0.010714286,3.52
2/2/22,2940152,1223,39.4,0,0.011829329,3.52
2/3/22,2914198,1377,44.5,0.218,0.012944371,3.52
2/4/22,2725725,1293,41.3,0.469,0.014059414,3.52
2/5/22,1792780,1264,27,0,0.015174457,3.52
2/6/22,1323892,1243,27,0,0.0162895,3.52
2/7/22,2784230,1275,36.1,0.015,0.017404542,3.57
2/8/22,3016648,1401,39.1,0.005,0.018519585,3.57
2/9/22,3088775,1442,37.6,0,0.019634628,3.57
2/10/22,3112489,1479,45.3,0,0.020749671,3.57
2/11/22,3015472,1555,47.7,0,0.021864714,3.57
2/12/22,2026308,1462,51.9,0,0.022979756,3.57
2/13/22,1349864,1174,34.3,0.046,0.024094799,3.57
2/14/22,2907825,1305,24.6,0,0.025209842,3.65
2/15/22,3030742,1355,25.9,0.009,0.026324885,3.65
2/16/22,3100639,1443,37.6,0,0.027439928,3.65
2/17/22,3109956,1459,55.6,0.131,0.02855497,3.65
2/18/22,2953785,1445,46.2,0.292,0.029670013,3.65
2/19/22,1792136,1315,32.5,0,0.030785056,3.65
2/20/22,1477125,1170,30.1,0,0.031900099,3.65
2/21/22,1942267,1225,41.6,0,0.033015142,3.73
2/22/22,2669508,1306,47.6,0.06,0.034130184,3.73
2/23/22,2894245,1439,56.9,0,0.035245227,3.73
2/24/22,2858146,1307,33.8,0,0.03636027,3.73
2/25/22,2575630,1199,35,0.432,0.037475313,3.73
2/26/22,1824833,1269,31.8,0,0.038590355,3.73
2/27/22,1403227,1284,38.1,0.028,0.039705398,3.73
2/28/22,2915786,1396,34.1,0,0.040820441,3.78
3/1/22,3138181,1584,40,0,0.041935484,3.78
3/2/22,3208166,1426,46.2,0,0.041550468,3.78
3/3/22,3207495,1356,40.3,0.02,0.041165453,3.78
3/4/22,3077537,1364,31.2,0,0.040780437,3.78
3/5/22,1955535,1342,39.3,0,0.040395421,3.78
3/6/22,1444501,1312,54.5,0.03,0.040010406,3.78
3/7/22,2980920,1437,64.3,0.021,0.03962539,4.02
3/8/22,3244473,1370,45.1,0.009,0.039240375,4.02
3/9/22,3113559,1283,38.3,0.242,0.038855359,4.02
3/10/22,3339363,1491,41.1,0,0.038470343,4.02
3/11/22,3195956,1423,45.1,0.009,0.038085328,4.02
3/12/22,1663893,1183,37.2,0.126,0.037700312,4.02
3/13/22,1479406,1100,29.4,0,0.037315297,4.02
3/14/22,3008800,1455,44.4,0,0.036930281,4.44
3/15/22,3275906,1484,53.5,0,0.036545265,4.44
3/16/22,3332335,1577,55.4,0,0.03616025,4.44
3/17/22,3175784,1479,49.2,0.018,0.035775234,4.44
3/18/22,3275433,1589,55.9,0.009,0.035390219,4.44
3/19/22,2001839,1390,57.2,0.104,0.035005203,4.44
3/20/22,1656673,1398,54.1,0.01,0.034620187,4.44
3/21/22,3034759,1416,53.3,0.036,0.034235172,4.4
3/22/22,3276940,1529,52.7,0,0.033850156,4.4
3/23/22,3275708,1425,44.2,0.001,0.03346514,4.4
3/24/22,3212181,1345,43.6,0.24,0.033080125,4.4
3/25/22,3218970,1501,50.3,0.026,0.032695109,4.4
3/26/22,2024596,1408,49.3,0.002,0.032310094,4.4
3/27/22,1534056,1310,41.2,0,0.031925078,4.4
3/28/22,2989874,1336,29.9,0.046,0.031540062,4.35
3/29/22,3291883,1341,32.4,0.009,0.031155047,4.35
3/30/22,3336073,1458,37.5,0,0.030770031,4.35
3/31/22,3323135,1443,55.1,0,0.030385016,4.35
4/1/22,3237107,1716,53.2,0.301,0.03,4.35
4/2/22,2128435,1364,44.8,0,0.029537634,4.35
4/3/22,1463932,1289,44.7,0.091,0.029075269,4.35
4/4/22,3127667,1466,46.4,0,0.028612903,4.32
4/5/22,3356454,1518,49.6,0.017,0.028150538,4.32
4/6/22,3311547,1440,47.8,0.27,0.027688172,4.32
4/7/22,3307076,1362,48.9,0.29,0.027225806,4.32
4/8/22,3347754,1512,55.4,0.017,0.026763441,4.32
4/9/22,2190396,1476,50.9,0.059,0.026301075,4.32
4/10/22,1707748,1331,47.6,0.037,0.02583871,4.32
4/11/22,3205728,1443,49.5,0.018,0.025376344,4.27
4/12/22,3078069,1426,57.8,0.049,0.024913978,4.27
4/13/22,3220964,1407,59.7,0.009,0.024451613,4.27
4/14/22,3297697,1505,68,0.115,0.023989247,4.27
4/15/22,2761532,1549,59.7,0.009,0.023526882,4.27
4/16/22,1986306,1365,58.7,0.064,0.023064516,4.27
4/17/22,1512633,1169,47.6,0.02,0.022602151,4.27
4/18/22,2676254,1268,46.3,0.157,0.022139785,4.2
4/19/22,2962130,1375,45.9,0.329,0.021677419,4.2
4/20/22,3098046,1457,50.8,0,0.021215054,4.2
4/21/22,3033422,1381,52,0.018,0.020752688,4.2
4/22/22,2985684,1445,60.6,0,0.020290323,4.2
4/23/22,2109188,1381,56.5,0.009,0.019827957,4.2
4/24/22,1655860,1274,55,0,0.019365591,4.2
4/25/22,3026541,1446,52.3,0.009,0.018903226,4.22
4/26/22,3281657,1407,54.9,0.056,0.01844086,4.22
4/27/22,3432282,1518,52.2,0.01,0.017978495,4.22
4/28/22,3404938,1464,49.4,0.009,0.017516129,4.22
4/29/22,3257634,1424,53.3,0.009,0.017053763,4.22
4/30/22,2108746,1362,56.2,0.027,0.016591398,4.22
5/1/22,1683953,1547,56.9,0.028,0.016129032,4.22
5/2/22,2732825,1385,54.3,0.068,0.017114117,4.29
5/3/22,3402882,1520,55.9,0,0.018099202,4.29
5/4/22,3364902,1493,55.5,0.079,0.019084287,4.29
5/5/22,3502522,1486,63.3,0.018,0.020069372,4.29
5/6/22,3190556,1485,55.8,0.076,0.021054457,4.29
5/7/22,1842808,1284,49.4,0.091,0.022039542,4.29
5/8/22,1582133,1258,52.4,0,0.023024627,4.29
5/9/22,3114506,1381,58.5,0,0.024009712,4.44
5/10/22,3412902,1445,61.2,0.018,0.024994797,4.44
5/11/22,3440378,1552,61.8,0,0.025979882,4.44
5/12/22,3430104,1547,62.8,0,0.026964967,4.44
5/13/22,3252002,1563,62.5,0.011,0.027950052,4.44
5/14/22,2149046,1360,62.2,0.09,0.028935137,4.44
5/15/22,1760359,1447,65.5,0.018,0.029920222,4.44
5/16/22,3080043,1485,67.7,0.041,0.030905307,4.67
5/17/22,3536021,1602,66.8,0,0.031890392,4.67
5/18/22,3605606,1563,64.2,0,0.032875477,4.67
5/19/22,3467327,1526,59.7,0.076,0.033860562,4.67
5/20/22,3271914,1548,62.3,0.084,0.034845647,4.67
5/21/22,2324245,1368,73.7,0,0.035830732,4.67
5/22/22,1760638,1437,79.8,0.027,0.036815817,4.67
5/23/22,3111755,1518,69.3,0.009,0.037800902,4.89
5/24/22,3378506,1503,63.1,0.128,0.038785987,4.89
5/25/22,3426530,1560,61.3,0.018,0.039771072,4.89
5/26/22,3341059,1562,62.8,0,0.040756157,4.89
5/27/22,3031130,1499,68.9,0.06,0.041741242,4.89
5/28/22,1872775,1453,69,0.14,0.042726327,4.89
5/29/22,1755236,1386,69.8,0,0.043711412,4.89
5/30/22,1694970,1405,74.5,0,0.044696497,4.93
5/31/22,3176109,1739,82.6,0,0.045681582,4.93
6/1/22,3381297,1701,63.8,0.671,0.046666667,4.93
6/2/22,3351902,1554,68.2,0.471,0.04478853,4.93
6/3/22,3283271,1595,68.3,0,0.042910394,4.93
6/4/22,2178024,1580,71,0,0.041032258,4.93
6/5/22,1724983,1473,69.8,0.018,0.039154122,4.93
6/6/22,3092181,1574,71.9,0,0.037275986,4.88
6/7/22,3392224,1560,70,0.039,0.035397849,4.88
6/8/22,3492805,1613,75.4,0.012,0.033519713,4.88
6/9/22,3297157,1545,74.9,0.282,0.031641577,4.88
6/10/22,3376125,1703,72.1,0.009,0.029763441,4.88
6/11/22,2231451,1550,71.3,0.004,0.027885305,4.88
6/12/22,1674607,1432,68,0.049,0.026007168,4.88
6/13/22,3168681,1602,75.7,0.009,0.024129032,5.01
6/14/22,3494822,1557,75.6,0,0.022250896,5.01
6/15/22,3526802,1628,73,0,0.02037276,5.01
6/16/22,3409624,1519,68.1,0.155,0.018494624,5.01
6/17/22,3247379,1669,78.7,0.009,0.016616487,5.01
6/18/22,2186635,1491,67.2,0,0.014738351,5.01
6/19/22,1725762,1410,63.7,0,0.012860215,5.01
6/20/22,2460659,1513,68.7,0,0.010982079,5.03
6/21/22,3339793,1540,69.7,0.05,0.009103943,5.03
6/22/22,3357113,1582,65.1,0.05,0.007225806,5.03
6/23/22,3407485,1594,66.8,0.072,0.00534767,5.03
6/24/22,3296412,1661,71.3,0,0.003469534,5.03
6/25/22,2286963,1564,79.1,0,0.001591398,5.03
6/26/22,2011977,1498,79.8,0,-0.000286738,5.03
6/27/22,2932598,1543,73.6,0.341,-0.002164875,4.98
6/28/22,3248338,1547,71.6,0,-0.004043011,4.98
6/29/22,3249261,1612,74.7,0.027,-0.005921147,4.98
6/30/22,3151572,1570,78.2,0.054,-0.007799283,4.98
7/1/22,2827549,1723,80.8,0,-0.009677419,4.98
7/2/22,1847093,1549,81.2,0.037,-0.009157128,4.98
7/3/22,1654774,1424,80.3,0,-0.008636837,4.98
7/4/22,1608084,1575,77,0.018,-0.008116545,4.93
7/5/22,2802814,1644,76.3,0.033,-0.007596254,4.93
7/6/22,3066462,1585,79.8,0,-0.007075963,4.93
7/7/22,3115604,1624,76.2,0.018,-0.006555671,4.93
7/8/22,2902322,1539,73.7,0.099,-0.00603538,4.93
7/9/22,2061419,1401,77.2,0.018,-0.005515088,4.93
7/10/22,1681041,1556,74.5,0,-0.004994797,4.93
7/11/22,2876587,1480,74,0,-0.004474506,4.84
7/12/22,3148320,1599,78.8,0,-0.003954214,4.84
7/13/22,3229387,1638,82,0.006,-0.003433923,4.84
7/14/22,3203104,1572,81,0.009,-0.002913632,4.84
7/15/22,3021651,1683,78.5,0,-0.00239334,4.84
7/16/22,2093206,1427,76.6,0.067,-0.001873049,4.84
7/17/22,1674922,1465,78,0.001,-0.001352758,4.84
7/18/22,2720012,1485,79.9,0.046,-0.000832466,4.74
7/19/22,3169016,1444,83.2,0,-0.000312175,4.74
7/20/22,3190942,1560,85.7,0.009,0.000208117,4.74
7/21/22,3109097,1450,85.3,0.156,0.000728408,4.74
7/22/22,2942752,1593,85.7,0.002,0.001248699,4.74
7/23/22,2028696,1475,86,0,0.001768991,4.74
7/24/22,1596195,1381,87.2,0.027,0.002289282,4.74
7/25/22,2727722,1479,82.7,0.116,0.002809573,4.63
7/26/22,3175001,1519,78.2,0.059,0.003329865,4.63
7/27/22,3232796,1527,78.6,0.037,0.003850156,4.63
7/28/22,3151913,1547,80.6,0.144,0.004370447,4.63
7/29/22,2932846,1474,80.1,0.079,0.004890739,4.63
7/30/22,2074421,1496,79.9,0,0.00541103,4.63
7/31/22,1649097,1395,78.2,0,0.005931322,4.63
8/1/22,2739262,1516,71.9,0.46,0.006451613,4.54
8/2/22,3070101,1454,80.5,0,0.00645855,4.54
8/3/22,3124038,1559,80.4,0,0.006465487,4.54
8/4/22,3049076,1449,83.9,0,0.006472425,4.54
8/5/22,2822155,1561,83.2,0,0.006479362,4.54
8/6/22,1999580,1522,83.9,0,0.006486299,4.54
8/7/22,1542311,1404,83.4,0.1,0.006493236,4.54
8/8/22,2705428,1421,85,0.009,0.006500173,4.47
8/9/22,3013784,1497,87.3,0.011,0.006507111,4.47
8/10/22,3134434,1588,81.6,0.016,0.006514048,4.47
8/11/22,3093548,1443,79.9,0.112,0.006520985,4.47
8/12/22,2963913,1606,77.8,0,0.006527922,4.47
8/13/22,2089217,1441,72.6,0,0.00653486,4.47
8/14/22,1677803,1364,73.9,0,0.006541797,4.47
8/15/22,2768347,1473,74.8,0,0.006548734,4.37
8/16/22,3045892,1483,74,0,0.006555671,4.37
8/17/22,3074027,1477,73.1,0.332,0.006562608,4.37
8/18/22,3077928,1526,74.4,0,0.006569546,4.37
8/19/22,2918737,1521,78.7,0,0.006576483,4.37
8/20/22,2038622,1513,81,0,0.00658342,4.37
8/21/22,1619422,1387,76.8,0,0.006590357,4.37
8/22/22,2622885,1492,75.3,0.134,0.006597294,4.29
8/23/22,2992615,1561,77.7,0.01,0.006604232,4.29
8/24/22,3020710,1607,80.1,0,0.006611169,4.29
8/25/22,3090901,1550,81.1,0,0.006618106,4.29
8/26/22,2863653,1514,80.5,0.306,0.006625043,4.29
8/27/22,2066542,1511,80.7,0,0.006631981,4.29
8/28/22,1651689,1436,76.1,0,0.006638918,4.29
8/29/22,2836374,1541,78.8,0,0.006645855,4.19
8/30/22,3091873,1561,79.6,0.076,0.006652792,4.19
8/31/22,3144027,1507,76.7,0.023,0.006659729,4.19
9/1/22,3114667,1677,77.2,0,0.006666667,4.19
9/2/22,2925306,1544,70.1,0,0.006551971,4.19
9/3/22,2116811,1464,72.5,0,0.006437276,4.19
9/4/22,1802349,1379,78.2,0,0.006322581,4.19
9/5/22,1691887,1429,78,0.015,0.006207885,4.08
9/6/22,3063503,1417,71.2,0.788,0.00609319,4.08
9/7/22,3444556,1519,68.7,0,0.005978495,4.08
9/8/22,3644407,1558,70.4,0,0.005863799,4.08
9/9/22,3481756,1576,70.6,0,0.005749104,4.08
9/10/22,2356865,1458,74.1,0,0.005634409,4.08
9/11/22,1737251,1335,71.5,0.169,0.005519713,4.08
9/12/22,3382150,1512,73.3,0.439,0.005405018,3.95
9/13/22,3618354,1513,75.4,1.085,0.005290323,3.95
9/14/22,3741978,1587,72,0,0.005175627,3.95
9/15/22,3747731,1598,69.4,0,0.005060932,3.95
9/16/22,3502358,1656,66.3,0,0.004946237,3.95
9/17/22,2350888,1451,68.9,0,0.004831541,3.95
9/18/22,1844317,1376,74.7,0,0.004716846,3.95
9/19/22,3369999,1394,75.4,0.122,0.004602151,3.83
9/20/22,3767024,1590,72.6,0,0.004487455,3.83
9/21/22,3878782,1555,70.9,0,0.00437276,3.83
9/22/22,3732919,1505,68.5,0.393,0.004258065,3.83
9/23/22,3626482,1589,56.7,0,0.004143369,3.83
9/24/22,2377091,1498,59,0,0.004028674,3.83
9/25/22,1759832,1389,64.8,1.017,0.003913978,3.83
9/26/22,2812853,1371,66.1,0.005,0.003799283,3.72
9/27/22,3204114,1477,64.8,0,0.003684588,3.72
9/28/22,3712354,1521,62,0,0.003569892,3.72
9/29/22,3707751,1440,60.2,0,0.003455197,3.72
9/30/22,3503239,1478,57.9,0,0.003340502,3.72
10/1/22,2032983,1455,57.4,0.509,0.003225806,3.72
10/2/22,1621851,1257,57.7,0.016,0.003336802,3.72
10/3/22,3370048,1292,50.7,0.414,0.003447797,3.63
10/4/22,3397689,1268,51,1.722,0.003558793,3.63
10/5/22,3077346,1470,56.5,0.481,0.003669788,3.63
10/6/22,3848909,1572,63.5,0,0.003780784,3.63
10/7/22,3591080,1653,67.1,0,0.003891779,3.63
10/8/22,2397249,1450,54,0.029,0.004002775,3.63
10/9/22,1917721,1282,53.8,0,0.00411377,3.63
10/10/22,2556722,1406,59.8,0,0.004224766,3.6
10/11/22,3649405,1526,60.8,0,0.004335761,3.6
10/12/22,3776129,1529,63,0,0.004446757,3.6
10/13/22,3682799,1487,65.2,0.508,0.004557752,3.6
10/14/22,3578772,1583,58.6,0.336,0.004668748,3.6
10/15/22,2363501,1494,59.7,0,0.004779743,3.6
10/16/22,1773903,1376,59.5,0,0.004890739,3.6
10/17/22,3314497,1347,60.1,0.138,0.005001734,3.66
10/18/22,3693627,1582,52.1,0,0.00511273,3.66
10/19/22,3814404,1531,48.5,0,0.005223725,3.66
10/20/22,3810901,1514,51.4,0,0.005334721,3.66
10/21/22,3570334,1565,54.7,0,0.005445716,3.66
10/22/22,2430406,1437,57.5,0,0.005556712,3.66
10/23/22,1740520,1411,57.9,0.018,0.005667707,3.66
10/24/22,3357840,1435,57.7,0.32,0.005778703,3.68
10/25/22,3712582,1527,64.4,0.132,0.005889698,3.68
10/26/22,3794534,1687,66.1,0.003,0.006000694,3.68
10/27/22,3892985,1568,60.1,0,0.006111689,3.68
10/28/22,3624748,1600,51,0,0.006222685,3.68
10/29/22,2440601,1490,50.8,0,0.00633368,3.68
10/30/22,1875953,1492,53.5,0,0.006444676,3.68
10/31/22,3410892,1483,58.2,0.011,0.006555671,3.74
11/1/22,3706707,1565,62.4,0.158,0.006666667,3.74
11/2/22,3788123,1708,62.1,0,0.006659498,3.74
11/3/22,3802455,1578,58.7,0,0.00665233,3.74
11/4/22,3586358,1666,60.6,0,0.006645161,3.74
11/5/22,2449943,1496,68.2,0,0.006637993,3.74
11/6/22,2116063,1380,69.3,0.003,0.006630824,3.74
11/7/22,3456868,1533,70.1,0.005,0.006623656,3.85
11/8/22,3431700,1448,52.2,0,0.006616487,3.85
11/9/22,3772030,1523,47.1,0,0.006609319,3.85
11/10/22,3802230,1503,56.5,0,0.006602151,3.85
11/11/22,2994708,1415,63.6,0.893,0.006594982,3.85
11/12/22,2431419,1455,66.4,0.073,0.006587814,3.85
11/13/22,1794024,1308,50.8,0.035,0.006580645,3.85
11/14/22,3401075,1453,41,0,0.006573477,3.9
11/15/22,3713627,1372,40.5,0.407,0.006566308,3.9
11/16/22,3751773,1545,44.5,0.378,0.00655914,3.9
11/17/22,3797815,1453,40.7,0,0.006551971,3.9
11/18/22,3539202,1482,39.1,0,0.006544803,3.9
11/19/22,2323449,1344,36.2,0,0.006537634,3.9
11/20/22,1721187,1276,34.6,0,0.006530466,3.9
11/21/22,3363626,1331,34.8,0,0.006523297,3.88
11/22/22,3548882,1447,44.3,0,0.006516129,3.88
11/23/22,3263998,1494,48.4,0,0.006508961,3.88
11/24/22,1382266,1068,46.7,0,0.006501792,3.88
11/25/22,2058658,1460,49.8,0.018,0.006494624,3.88
11/26/22,1999608,1385,49.3,0,0.006487455,3.88
11/27/22,1476228,1216,52.4,0.677,0.006480287,3.88
11/28/22,3265971,1385,50.3,0,0.006473118,3.81
11/29/22,3596894,1440,40.4,0,0.00646595,3.81
11/30/22,3568413,1421,49.1,0.397,0.006458781,3.81
12/1/22,3770495,1475,39.3,0,0.006451613,3.81
12/2/22,3600504,1433,38.9,0,0.007075963,3.81
12/3/22,2291687,1365,52.8,0.469,0.007700312,3.81
12/4/22,1990479,1254,41.9,0,0.008324662,3.81
12/5/22,3481640,1334,41.8,0,0.008949011,3.74
12/6/22,3753299,1301,51.3,0.73,0.009573361,3.74
12/7/22,3835333,1466,57,0.441,0.010197711,3.74
12/8/22,3931499,1404,50.3,0,0.01082206,3.74
12/9/22,3710928,1462,39.6,0,0.01144641,3.74
12/10/22,2663493,1365,36,0,0.01207076,3.74
12/11/22,1865579,1142,37.3,0.291,0.012695109,3.74
12/12/22,3466978,1328,33.6,0.021,0.013319459,3.64
12/13/22,3763568,1278,31.9,0,0.013943809,3.64
12/14/22,3777173,1434,34.2,0,0.014568158,3.64
12/15/22,3726154,1274,38,0.5,0.015192508,3.64
12/16/22,3270016,1323,41.8,0.806,0.015816857,3.64
12/17/22,2577771,1329,40.4,0,0.016441207,3.64
12/18/22,1967199,1183,36.2,0,0.017065557,3.64
12/19/22,3381411,1197,34.1,0,0.017689906,3.53
12/20/22,3586084,1202,34.4,0,0.018314256,3.53
12/21/22,3563236,1228,33.9,0,0.018938606,3.53
12/22/22,3187083,1246,40.2,0.211,0.019562955,3.53
12/23/22,2738016,1124,37.9,1.103,0.020187305,3.53
12/24/22,1411469,922,11.1,0,0.020811655,3.53
12/25/22,1008452,848,20.8,0,0.021436004,3.53
12/26/22,1812842,972,24.2,0,0.022060354,3.45
12/27/22,2729514,1130,31.6,0,0.022684703,3.45
12/28/22,2947028,1173,40.1,0,0.023309053,3.45
12/29/22,3039432,1158,45.3,0,0.023933403,3.45
12/30/22,3063480,1140,51.4,0,0.024557752,3.45
12/31/22,1927101,868,51,0.272,0.025182102,3.45