date,ridership,barclays-center_event_occurred,blue-note-jazz-club_event_occurred,carnegie-hall_event_occurred,total_comedy,total_events,total_film-screenings,forest-hills-stadium_event_occurred,kings-theatre_event_occurred,madison-square-garden_event_occurred,metlife-stadium_event_occurred,total_music,radio-city-music-hall_event_occurred,terminal-5_event_occurred,the-bowery-ballroom_event_occurred,yankee-stadium_event_occurred,nyc_holiday,weather,high_temp,low_temp
2020-03-01,2212965.0,0,1,0,9.0,128.0,15,0,0,1,0,74.0,0,0,0,0,0,Few clouds,+41°,+27°
2020-03-02,5329915.0,1,1,0,8.0,71.0,12,0,0,1,0,37.0,0,0,0,0,0,Clear sky,+54°,+37°
2020-03-03,5481103.0,1,1,0,14.0,101.0,8,0,0,1,0,56.0,0,1,0,0,0,Overcast clouds,+57°,+52°
2020-03-04,5498809.0,1,1,0,10.0,108.0,10,0,0,1,0,59.0,0,0,1,0,0,Clear sky,+54°,+50°
2020-03-05,5496453.0,1,1,0,10.0,153.0,2,0,0,1,0,59.0,1,0,1,0,0,Clear sky,+50°,+45°
2020-03-06,5189447.0,1,1,0,15.0,197.0,2,0,0,1,0,112.0,0,0,1,0,0,Drizzle,+45°,+43°
2020-03-07,2814637.0,1,1,0,21.0,241.0,28,0,0,1,1,12.0,0,1,1,0,0,Clear sky,+45°,+37°
2020-03-08,2120656.0,1,1,0,13.0,174.0,25,0,0,1,1,70.0,0,0,0,0,0,Clear sky,+55°,+36°
2020-03-09,4973513.0,0,1,0,24.0,109.0,20,0,0,0,0,48.0,0,0,1,0,0,Clear sky,+66°,+48°
2020-03-10,4867818.0,0,1,0,22.0,161.0,23,0,0,1,0,83.0,1,0,1,0,0,Overcast clouds,+61°,+52°
2020-03-11,4697122.0,1,1,0,19.0,176.0,25,0,0,1,0,33.0,1,0,1,0,0,Broken clouds,+54°,+54°
2020-03-12,4149505.0,0,1,0,18.0,192.0,4,0,0,0,0,4.0,0,0,1,0,0,Overcast clouds,+50°,+45°
2020-03-13,3484996.0,0,1,0,29.0,198.0,3,0,0,0,0,15.0,0,0,0,0,0,Partly cloudy,+64°,+48°
2020-03-14,1670665.0,0,1,0,29.0,235.0,23,0,0,0,1,48.0,0,0,0,0,0,Few clouds,+54°,+48°
2020-03-15,1157711.0,0,1,0,24.0,143.0,19,0,0,0,1,44.0,0,0,0,0,0,Clear sky,+52°,+45°
2020-03-16,2178555.0,0,1,0,26.0,110.0,15,0,0,0,0,47.0,0,0,0,0,0,Broken clouds,+45°,+39°
2020-03-17,1788786.0,0,1,0,23.0,126.0,0,0,0,0,0,56.0,0,0,0,0,0,Drizzle,+52°,+43°
2020-03-18,1625280.0,0,1,0,20.0,128.0,1,0,0,0,0,65.0,0,0,0,0,0,Broken clouds,+52°,+46°
2020-03-19,1422112.0,0,1,0,24.0,98.0,1,0,0,0,0,11.0,0,0,0,0,0,Overcast clouds,+54°,+45°
2020-03-20,1309125.0,0,1,0,23.0,202.0,18,0,0,0,0,95.0,0,0,0,0,0,Light intensity drizzle,+68°,+50°
2020-03-21,619618.0,0,1,0,26.0,231.0,7,0,0,0,0,7.0,0,0,0,0,0,Clear sky,+50°,+57°
2020-03-22,408723.0,0,1,0,14.0,137.0,4,0,0,0,0,74.0,0,0,0,0,0,Broken clouds,+41°,+39°
2020-03-23,709499.0,0,1,0,21.0,109.0,10,0,0,0,0,42.0,0,0,0,0,0,Heavy intensity rain,+36°,+37°
2020-03-24,741587.0,0,1,0,22.0,118.0,15,0,0,0,0,47.0,0,0,1,0,0,Broken clouds,+54°,+39°
2020-03-25,690032.0,0,1,0,18.0,174.0,23,0,0,0,0,74.0,0,1,1,0,0,Drizzle,+45°,+43°
2020-03-26,680360.0,0,1,0,15.0,187.0,27,0,0,0,0,72.0,0,0,1,0,0,Clear sky,+55°,+41°
2020-03-27,656817.0,0,1,0,21.0,238.0,40,0,0,0,0,104.0,0,0,1,0,0,Clear sky,+64°,+50°
2020-03-28,332393.0,0,1,0,21.0,227.0,19,0,0,0,1,109.0,0,0,0,0,0,Heavy intensity rain,+48°,+50°
2020-03-29,263700.0,0,1,0,15.0,153.0,10,0,0,0,1,71.0,0,0,1,0,0,Drizzle,+52°,+46°
2020-03-30,545215.0,0,1,0,22.0,136.0,19,0,0,0,0,43.0,0,0,1,0,0,Broken clouds,+52°,+46°
2020-03-31,508106.0,0,1,0,22.0,119.0,18,0,0,0,0,46.0,0,0,1,0,0,Overcast clouds,+46°,+45°
2020-04-01,513481.0,1,1,0,10.0,171.0,26,0,0,1,0,72.0,0,1,1,0,0,Broken clouds,+52°,+41°
2020-04-02,485586.0,0,1,0,8.0,181.0,31,0,0,1,0,81.0,0,0,1,1,0,Overcast clouds,+55°,+43°
2020-04-03,483357.0,1,1,0,11.0,224.0,34,0,0,1,0,102.0,1,1,1,0,0,Light intensity drizzle,+48°,+46°
2020-04-04,282278.0,0,1,0,14.0,193.0,9,0,0,1,1,29.0,0,0,1,1,0,Overcast clouds,+55°,+48°
2020-04-05,227303.0,1,1,0,13.0,143.0,8,0,0,1,1,82.0,0,0,0,1,0,Overcast clouds,+61°,+48°
2020-04-06,445454.0,0,1,0,13.0,98.0,17,0,0,1,0,35.0,0,0,0,1,0,Clear sky,+63°,+52°
2020-04-07,434986.0,0,1,0,12.0,123.0,14,0,0,1,0,59.0,0,1,1,1,0,Broken clouds,+64°,+54°
2020-04-08,427485.0,0,1,0,9.0,109.0,24,0,0,1,0,40.0,0,0,1,1,0,Clear sky,+64°,+54°
2020-04-09,404635.0,0,1,0,6.0,133.0,22,0,0,0,0,55.0,0,0,1,1,0,Moderate rain,+57°,+50°
2020-04-10,400275.0,1,1,0,9.0,182.0,34,0,0,1,0,11.0,0,1,1,0,0,Broken clouds,+48°,+45°
2020-04-11,257061.0,1,1,0,15.0,173.0,16,0,0,0,0,89.0,0,1,1,0,0,Broken clouds,+52°,+41°
2020-04-12,198399.0,0,1,0,7.0,67.0,4,0,0,0,0,35.0,0,0,1,0,0,Broken clouds,+55°,+46°
2020-04-13,363312.0,0,1,0,12.0,99.0,4,0,0,0,0,40.0,0,0,1,0,0,Heavy intensity rain,+57°,+57°
2020-04-14,430155.0,0,1,0,12.0,110.0,33,0,0,1,0,39.0,0,0,1,0,0,Clear sky,+55°,+54°
2020-04-15,419059.0,1,1,0,10.0,119.0,35,0,0,0,0,58.0,0,0,0,0,0,Few clouds,+50°,+46°
2020-04-16,420223.0,0,1,0,7.0,148.0,51,0,0,0,0,66.0,0,1,0,0,0,Partly cloudy,+46°,+46°
2020-04-17,432368.0,1,1,0,13.0,189.0,57,0,0,0,0,88.0,0,1,1,1,0,Overcast clouds,+48°,+41°
2020-04-18,254453.0,1,1,0,12.0,171.0,16,0,0,0,0,96.0,1,0,1,1,0,Light intensity drizzle,+43°,+43°
2020-04-19,224411.0,0,1,0,13.0,124.0,6,0,1,0,0,65.0,1,1,1,1,0,Clear sky,+59°,+43°
2020-04-20,437852.0,0,1,0,12.0,117.0,51,0,0,0,0,38.0,0,0,0,0,0,Overcast clouds,+55°,+54°
2020-04-21,422107.0,0,1,0,12.0,111.0,24,0,0,0,0,54.0,1,0,0,0,0,Moderate rain,+55°,+48°
2020-04-22,458781.0,0,1,0,8.0,107.0,32,0,0,0,0,48.0,0,0,1,0,0,Broken clouds,+48°,+39°
2020-04-23,453520.0,0,1,0,6.0,133.0,40,0,1,0,0,69.0,0,1,1,0,0,Broken clouds,+48°,+41°
2020-04-24,443956.0,0,1,0,6.0,155.0,11,0,0,0,0,72.0,0,0,1,1,0,Light intensity drizzle,+46°,+45°
2020-04-25,295387.0,0,1,0,9.0,186.0,20,0,1,0,0,106.0,0,0,1,1,0,Broken clouds,+61°,+45°
2020-04-26,218787.0,0,1,0,10.0,119.0,4,0,1,0,0,75.0,0,0,0,1,0,Heavy intensity rain,+46°,+50°
2020-04-27,462888.0,0,1,0,12.0,77.0,17,0,0,0,0,31.0,0,0,1,0,0,Drizzle,+46°,+43°
2020-04-28,489247.0,0,1,0,10.0,83.0,11,0,0,0,0,45.0,0,0,1,1,0,Clear sky,+63°,+43°
2020-04-29,477799.0,1,1,0,10.0,110.0,27,0,0,0,0,57.0,0,0,1,1,0,Overcast clouds,+57°,+48°
2020-04-30,465869.0,0,1,0,6.0,119.0,15,0,1,0,0,59.0,0,0,1,1,0,Light intensity drizzle,+57°,+52°
2020-05-01,494549.0,0,1,0,7.0,144.0,30,0,0,0,0,74.0,0,0,1,0,0,Broken clouds,+63°,+55°
2020-05-02,325865.0,0,1,0,6.0,139.0,13,0,1,1,1,85.0,1,0,1,0,0,Few clouds,+70°,+55°
2020-05-03,258865.0,0,1,0,6.0,85.0,9,0,0,0,0,43.0,0,0,1,0,0,Partly cloudy,+75°,+61°
2020-05-04,511866.0,0,0,0,10.0,57.0,15,0,0,0,0,21.0,0,0,0,0,0,Partly cloudy,+66°,+64°
2020-05-05,522085.0,0,1,0,7.0,88.0,22,0,1,0,0,39.0,0,1,1,1,0,Overcast clouds,+59°,+50°
2020-05-06,508824.0,0,1,0,7.0,84.0,19,0,0,0,0,42.0,0,0,0,1,0,Drizzle,+52°,+50°
2020-05-07,535073.0,0,1,0,6.0,118.0,42,0,0,0,0,48.0,0,1,1,0,0,Broken clouds,+63°,+48°
2020-05-08,526054.0,0,1,0,10.0,127.0,23,0,1,0,0,55.0,0,1,1,1,0,Light intensity drizzle,+50°,+52°
2020-05-09,316883.0,1,1,0,12.0,133.0,29,0,0,0,1,69.0,0,1,1,1,0,Partly cloudy,+46°,+37°
2020-05-10,271947.0,0,1,0,5.0,66.0,14,0,0,0,0,34.0,0,0,1,1,0,Overcast clouds,+59°,+41°
2020-05-11,520873.0,0,1,0,8.0,58.0,22,0,1,0,0,16.0,0,0,0,0,0,Few clouds,+57°,+52°
2020-05-12,553372.0,0,1,1,7.0,75.0,18,0,0,1,0,30.0,0,0,1,0,0,Clear sky,+57°,+45°
2020-05-13,565377.0,0,1,0,7.0,75.0,21,0,0,0,0,40.0,0,0,0,0,0,Overcast clouds,+59°,+45°
2020-05-14,567392.0,0,1,0,3.0,114.0,50,0,0,0,0,49.0,0,1,0,0,0,Partly cloudy,+63°,+48°
2020-05-15,587808.0,0,1,0,9.0,125.0,3,0,0,0,0,51.0,1,0,1,0,0,Broken clouds,+81°,+61°
2020-05-16,360844.0,0,1,0,8.0,145.0,37,0,0,1,0,75.0,0,1,1,0,0,Broken clouds,+73°,+70°
2020-05-17,287418.0,0,1,0,12.0,79.0,17,0,1,0,0,34.0,0,0,0,0,0,Broken clouds,+64°,+57°
2020-05-18,595469.0,0,1,0,10.0,58.0,0,0,0,0,0,20.0,0,0,0,0,0,Broken clouds,+68°,+55°
2020-05-19,610884.0,0,1,0,7.0,61.0,0,0,0,0,0,27.0,0,0,0,0,0,Broken clouds,+64°,+57°
2020-05-20,623749.0,0,1,0,10.0,83.0,0,0,0,0,0,38.0,0,0,0,0,0,Broken clouds,+64°,+54°
2020-05-21,629298.0,0,1,0,4.0,83.0,0,0,0,0,0,37.0,0,0,1,0,0,Clear sky,+66°,+50°
2020-05-22,633883.0,0,1,0,9.0,92.0,0,0,0,0,0,36.0,0,0,1,1,0,Broken clouds,+72°,+57°
2020-05-23,335830.0,0,1,0,6.0,85.0,16,0,0,0,1,39.0,0,0,1,1,0,Heavy intensity rain,+68°,+63°
2020-05-24,320015.0,0,1,1,7.0,62.0,15,0,0,0,1,26.0,0,0,1,1,0,Broken clouds,+66°,+55°
2020-05-25,393918.0,0,1,0,10.0,46.0,12,0,0,0,0,17.0,0,0,1,1,1,Overcast clouds,+68°,+57°
2020-05-26,656766.0,0,1,0,9.0,25.0,16,0,0,1,0,22.0,0,0,1,1,0,Few clouds,+75°,+61°
2020-05-27,674465.0,0,1,0,6.0,73.0,24,0,0,0,0,31.0,0,0,0,1,0,Broken clouds,+73°,+63°
2020-05-28,658057.0,0,1,0,4.0,100.0,44,0,0,0,0,44.0,0,1,1,1,0,Overcast clouds,+72°,+64°
2020-05-29,657259.0,0,1,0,6.0,89.0,26,0,0,0,0,45.0,1,0,1,0,0,Broken clouds,+77°,+66°
2020-05-30,426737.0,0,1,0,4.0,103.0,18,0,0,0,0,61.0,1,1,1,0,0,Clear sky,+81°,+68°
2020-05-31,344426.0,0,1,0,7.0,67.0,11,0,0,0,0,32.0,0,0,0,0,0,Clear sky,+70°,+63°
2020-06-01,687162.0,0,1,0,10.0,43.0,8,0,0,0,0,16.0,0,0,0,0,0,Broken clouds,+68°,+54°
2020-06-02,693760.0,0,1,0,10.0,51.0,7,0,0,1,0,20.0,0,0,0,0,0,Overcast clouds,+70°,+61°
2020-06-03,681714.0,1,1,0,7.0,62.0,13,0,0,0,0,26.0,0,0,0,0,0,Light intensity drizzle,+79°,+63°
2020-06-04,726672.0,0,1,0,5.0,76.0,2,0,0,0,0,26.0,0,0,0,0,0,Few clouds,+84°,+70°
2020-06-05,703576.0,0,1,0,6.0,90.0,1,0,0,1,0,42.0,0,1,1,1,0,Drizzle,+75°,+70°
2020-06-06,464198.0,0,1,0,6.0,93.0,14,0,0,1,0,47.0,0,1,1,1,0,Broken clouds,+84°,+70°
2020-06-07,377990.0,0,1,0,8.0,52.0,5,0,0,0,0,18.0,0,0,0,1,0,Few clouds,+75°,+68°
2020-06-08,804542.0,0,0,0,10.0,38.0,5,0,0,0,0,9.0,0,0,0,0,0,Clear sky,+75°,+63°
2020-06-09,842306.0,0,1,0,9.0,56.0,6,0,0,0,0,18.0,0,0,0,1,0,Clear sky,+86°,+66°
2020-06-10,857015.0,0,1,0,6.0,70.0,31,0,0,0,0,19.0,0,0,1,1,0,Broken clouds,+79°,+75°
2020-06-11,818297.0,0,1,0,3.0,65.0,24,0,0,0,0,22.0,0,0,0,1,0,Heavy intensity rain,+79°,+73°
2020-06-12,896658.0,1,1,0,7.0,88.0,12,0,0,0,0,15.0,1,0,0,0,0,Few clouds,+84°,+72°
2020-06-13,545316.0,0,1,0,6.0,74.0,0,1,1,0,1,36.0,0,0,0,0,0,Clear sky,+72°,+66°
2020-06-14,430439.0,0,1,0,8.0,55.0,0,0,0,0,0,23.0,0,0,0,0,0,Few clouds,+70°,+59°
2020-06-15,897112.0,0,0,0,8.0,45.0,1,0,0,0,0,14.0,0,0,0,0,0,Broken clouds,+73°,+63°
2020-06-16,932671.0,0,1,0,9.0,75.0,35,0,0,0,0,18.0,0,0,0,0,0,Partly cloudy,+75°,+61°
2020-06-17,948461.0,1,1,0,6.0,76.0,28,0,0,0,0,21.0,0,0,1,0,0,Broken clouds,+77°,+63°
2020-06-18,942382.0,0,1,0,6.0,93.0,37,1,0,0,0,24.0,0,1,1,0,0,Drizzle,+73°,+66°
2020-06-19,986929.0,0,1,0,7.0,118.0,24,1,0,1,0,41.0,1,0,0,0,0,Broken clouds,+79°,+68°
2020-06-20,576075.0,1,1,0,3.0,92.0,28,1,0,1,0,38.0,1,1,0,0,0,Broken clouds,+82°,+70°
2020-06-21,449497.0,0,1,0,9.0,81.0,32,0,0,1,0,24.0,0,0,1,0,0,Clear sky,+84°,+72°
2020-06-22,1000046.0,0,0,0,8.0,49.0,11,0,0,1,0,15.0,0,0,1,1,0,Clear sky,+88°,+73°
2020-06-23,1050786.0,0,1,0,9.0,48.0,15,0,0,0,0,10.0,0,0,0,1,0,Broken clouds,+84°,+75°
2020-06-24,1068333.0,0,1,0,6.0,66.0,24,0,0,0,0,19.0,1,0,1,1,0,Partly cloudy,+88°,+75°
2020-06-25,1078796.0,0,0,0,0.0,65.0,3,0,0,0,0,0.0,0,0,0,0,0,Broken clouds,+86°,+73°
2020-06-26,1102382.0,0,0,0,1.0,59.0,30,0,0,0,0,0.0,0,0,0,1,0,Clear sky,+86°,+72°
2020-06-27,615398.0,0,0,0,0.0,53.0,30,0,0,1,0,0.0,0,0,0,1,0,Overcast clouds,+82°,+75°
2020-06-28,535898.0,0,0,0,0.0,38.0,17,0,0,0,0,0.0,0,0,0,1,0,Moderate rain,+84°,+75°
2020-06-29,1100769.0,0,0,0,0.0,38.0,1,0,0,0,0,0.0,0,0,0,0,0,Few clouds,+84°,+72°
2020-06-30,1113124.0,0,0,0,0.0,28.0,22,0,0,0,0,0.0,0,0,0,0,0,Moderate rain,+77°,+70°
2020-07-01,1120537.0,0,0,0,1.0,35.0,25,0,0,0,0,0.0,0,0,0,0,0,Few clouds,+81°,+70°
2020-07-02,1170483.0,0,0,0,0.0,47.0,40,0,0,0,0,0.0,0,0,0,0,0,Clear sky,+90°,+72°
2020-07-03,851877.0,0,0,0,2.0,47.0,37,0,0,0,0,0.0,0,0,0,0,1,Partly cloudy,+90°,+79°
2020-07-04,591605.0,1,0,0,0.0,44.0,6,0,0,0,0,0.0,0,0,0,0,0,Few clouds,+84°,+70°
2020-07-05,533692.0,0,0,0,0.0,32.0,9,0,0,0,0,0.0,0,0,0,0,0,Partly cloudy,+90°,+73°
2020-07-06,1084956.0,0,0,0,0.0,46.0,41,0,0,0,0,0.0,0,0,0,0,0,Clear sky,+90°,+79°
2020-07-07,1157185.0,0,0,0,0.0,58.0,52,0,0,0,0,0.0,0,0,0,1,0,Partly cloudy,+81°,+72°
2020-07-08,1172279.0,0,0,0,1.0,38.0,7,0,0,0,0,0.0,0,0,0,1,0,Broken clouds,+82°,+75°
2020-07-09,1211280.0,0,0,0,0.0,87.0,62,0,0,0,0,0.0,0,0,0,0,0,Clear sky,+88°,+75°
2020-07-10,1030632.0,0,0,0,2.0,62.0,3,0,0,0,0,0.0,0,0,0,1,0,Thunderstorm with heavy rain,+73°,+75°
2020-07-11,692977.0,0,0,0,0.0,22.0,3,0,0,0,0,0.0,0,0,0,1,0,Moderate rain,+81°,+73°
2020-07-12,628187.0,0,0,0,0.0,38.0,1,0,0,0,0,0.0,0,0,0,1,0,Clear sky,+88°,+75°
2020-07-13,1175700.0,0,0,0,0.0,40.0,30,0,0,0,0,0.0,0,0,0,0,0,Clear sky,+86°,+75°
2020-07-14,1241080.0,0,0,0,0.0,54.0,19,0,0,0,0,0.0,0,0,0,0,0,Partly cloudy,+84°,+73°
2020-07-15,1248413.0,0,0,0,0.0,80.0,34,0,0,0,0,0.0,0,0,0,0,0,Light intensity shower rain,+77°,+73°
2020-07-16,1249128.0,0,0,0,0.0,112.0,48,0,0,0,0,0.0,0,0,0,0,0,Few clouds,+75°,+70°
2020-07-17,1207265.0,0,0,0,0.0,0.0,1,0,0,0,0,0.0,0,0,0,0,0,Moderate rain,+81°,+70°
2020-07-18,778936.0,0,0,0,0.0,77.0,1,0,0,0,0,0.0,0,0,0,0,0,Partly cloudy,+90°,+75°
2020-07-19,584994.0,0,0,0,0.0,48.0,0,0,0,0,0,0.0,0,0,0,0,0,Few clouds,+91°,+77°
2020-07-20,1156735.0,0,1,0,1.0,64.0,24,0,0,0,0,7.0,0,0,0,1,0,Partly cloudy,+95°,+81°
2020-07-21,1241819.0,0,1,0,1.0,66.0,20,0,0,0,0,11.0,0,0,0,1,0,Few clouds,+91°,+81°
2020-07-22,1233668.0,0,1,0,1.0,107.0,27,0,0,0,0,16.0,0,0,0,1,0,Few clouds,+88°,+79°
2020-07-23,1233795.0,0,0,0,0.0,122.0,39,0,0,1,0,0.0,0,0,0,1,0,Light intensity shower rain,+86°,+75°
2020-07-24,1218138.0,0,0,0,0.0,99.0,35,0,0,0,0,0.0,0,0,0,1,0,Moderate rain,+75°,+77°
2020-07-25,816604.0,0,0,0,0.0,93.0,22,0,0,0,0,1.0,1,0,0,1,0,Partly cloudy,+86°,+73°
2020-07-26,606910.0,0,0,0,0.0,63.0,0,0,0,0,0,0.0,0,0,0,1,0,Partly cloudy,+93°,+79°
2020-07-27,1203503.0,0,0,0,0.0,64.0,26,0,0,0,0,0.0,0,0,0,0,0,Partly cloudy,+95°,+79°
2020-07-28,1241770.0,0,0,0,0.0,68.0,27,0,0,1,0,0.0,0,0,0,0,0,Broken clouds,+91°,+84°
2020-07-29,1296102.0,0,0,0,0.0,84.0,23,0,0,0,0,0.0,0,0,0,0,0,Few clouds,+88°,+79°
2020-07-30,1270172.0,0,0,0,0.0,104.0,3,0,0,0,0,1.0,0,0,0,0,0,Broken clouds,+91°,+79°
2020-07-31,1258539.0,0,0,0,1.0,93.0,27,0,0,0,0,0.0,0,0,0,0,0,Light intensity drizzle,+75°,+77°
2020-08-01,842468.0,0,1,0,2.0,86.0,18,0,0,0,1,19.0,0,0,0,0,0,Few clouds,+84°,+73°
2020-08-02,590060.0,0,1,0,1.0,47.0,11,0,0,0,1,7.0,0,0,0,0,0,Heavy rain in places,+82°,+75°
2020-08-03,1272996.0,0,0,0,1.0,20.0,2,0,0,1,1,1.0,1,0,0,1,0,Clear sky,+88°,+82°
2020-08-04,1027187.0,0,1,0,1.0,50.0,1,0,0,0,1,7.0,0,0,0,1,0,Moderate rain,+77°,+77°
2020-08-05,1348202.0,0,1,0,1.0,34.0,0,0,0,1,1,8.0,0,0,0,1,0,Clear sky,+86°,+75°
2020-08-06,1334694.0,0,1,0,1.0,92.0,0,0,0,1,1,15.0,1,0,0,1,0,Heavy rain in places,+79°,+72°
2020-08-07,1283894.0,0,1,0,1.0,70.0,15,0,0,0,1,9.0,0,0,0,1,0,Partly cloudy,+79°,+72°
2020-08-08,833287.0,0,1,0,2.0,37.0,8,0,0,0,1,13.0,0,0,1,1,0,Light rain,+79°,+70°
2020-08-09,662993.0,0,1,0,2.0,28.0,5,0,0,0,1,7.0,0,0,1,1,0,Partly cloudy,+82°,+72°
2020-08-10,1275268.0,0,0,0,1.0,20.0,2,0,0,1,0,1.0,0,0,0,0,0,Few clouds,+90°,+77°
2020-08-11,1319814.0,0,1,0,1.0,28.0,5,0,0,1,0,6.0,0,0,0,0,0,Few clouds,+86°,+79°
2020-08-12,1298963.0,0,1,0,1.0,32.0,8,0,0,0,1,5.0,0,0,0,0,0,Broken clouds,+88°,+77°
2020-08-13,1291277.0,1,1,0,1.0,35.0,4,0,0,1,0,4.0,1,0,0,0,0,Heavy intensity rain,+77°,+77°
2020-08-14,1355786.0,0,1,0,1.0,40.0,10,0,0,1,0,12.0,1,0,0,0,0,Broken clouds,+84°,+73°
2020-08-15,860789.0,0,1,0,2.0,29.0,4,0,0,0,0,9.0,0,0,0,0,0,Broken clouds,+84°,+73°
2020-08-16,554451.0,0,1,0,1.0,18.0,1,0,0,0,0,6.0,0,0,0,0,0,Heavy intensity rain,+70°,+70°
2020-08-17,1304485.0,0,0,0,1.0,14.0,1,0,0,1,0,0.0,0,0,0,1,0,Clear sky,+79°,+66°
2020-08-18,1369617.0,0,0,0,1.0,24.0,2,0,0,0,0,6.0,0,0,0,1,0,Few clouds,+82°,+68°
2020-08-19,1292148.0,0,0,0,1.0,34.0,5,0,0,0,1,5.0,0,0,0,1,0,Heavy rain in places,+73°,+70°
2020-08-20,1410489.0,0,0,0,1.0,29.0,5,0,0,0,0,5.0,0,0,0,1,0,Clear sky,+79°,+68°
2020-08-21,1387463.0,1,0,0,1.0,32.0,2,0,0,0,0,7.0,0,0,0,1,0,Broken clouds,+82°,+68°
2020-08-22,882522.0,0,0,0,1.0,37.0,5,1,0,0,1,17.0,0,0,0,1,0,Few clouds,+86°,+75°
2020-08-23,671560.0,0,0,0,1.0,20.0,1,0,0,0,0,8.0,0,0,0,1,0,Few clouds,+82°,+75°
2020-08-24,1307345.0,0,0,0,1.0,13.0,1,0,0,0,0,1.0,0,0,0,0,0,Few clouds,+88°,+75°
2020-08-25,1346490.0,0,1,0,1.0,21.0,0,0,0,0,0,2.0,0,0,0,1,0,Few clouds,+91°,+77°
2020-08-26,1407639.0,0,1,0,1.0,26.0,5,0,0,0,0,3.0,0,0,0,1,0,Broken clouds,+79°,+72°
2020-08-27,1358272.0,0,0,0,1.0,32.0,0,0,0,0,0,4.0,0,0,0,0,0,Clear sky,+90°,+72°
2020-08-28,1388583.0,0,0,0,1.0,23.0,1,0,0,0,0,3.0,0,0,0,0,0,Partly cloudy,+86°,+73°
2020-08-29,773667.0,0,0,0,1.0,30.0,5,0,0,0,0,8.0,0,0,0,0,0,Heavy intensity rain,+75°,+75°
2020-08-30,748061.0,0,0,0,1.0,17.0,4,0,0,0,0,5.0,0,0,0,0,0,Broken clouds,+77°,+72°
2020-08-31,1397264.0,0,0,0,1.0,12.0,0,0,0,0,0,1.0,0,0,0,0,0,Broken clouds,+73°,+66°
2020-09-01,1469274.0,0,0,0,1.0,21.0,2,0,0,0,0,5.0,0,0,0,0,0,Partly cloudy,+75°,+70°
2020-09-02,1487969.0,0,0,0,1.0,19.0,1,0,0,0,0,4.0,0,0,0,0,0,Heavy intensity rain,+75°,+70°
2020-09-03,1529185.0,1,0,0,1.0,27.0,5,0,0,1,0,6.0,0,0,0,0,0,Few clouds,+82°,+75°
2020-09-04,1568385.0,0,0,0,1.0,23.0,4,0,0,1,0,6.0,0,0,0,0,0,Clear sky,+82°,+73°
2020-09-05,1013725.0,0,0,0,1.0,23.0,3,0,0,0,0,6.0,0,0,0,0,0,Partly cloudy,+77°,+70°
2020-09-06,819409.0,0,0,0,1.0,13.0,4,0,0,0,0,1.0,0,0,0,0,0,Partly cloudy,+79°,+68°
2020-09-07,870964.0,0,0,0,1.0,3.0,1,0,0,0,0,0.0,0,0,0,0,1,Few clouds,+77°,+70°
2020-09-08,1555816.0,0,1,0,1.0,13.0,0,0,0,0,0,1.0,0,0,0,1,0,Clear sky,+82°,+70°
2020-09-09,1610076.0,1,1,0,1.0,20.0,1,0,0,0,0,6.0,0,0,0,1,0,Broken clouds,+81°,+70°
2020-09-10,1543662.0,0,1,0,1.0,22.0,3,0,0,0,0,0.0,0,0,0,1,0,Drizzle,+79°,+73°
2020-09-11,1690334.0,0,1,0,1.0,25.0,4,0,0,0,0,10.0,0,1,1,1,0,Partly cloudy,+73°,+73°
2020-09-12,1083698.0,1,1,0,1.0,27.0,3,0,1,1,0,15.0,0,0,1,1,0,Broken clouds,+70°,+64°
2020-09-13,796740.0,0,1,0,3.0,24.0,3,0,1,0,0,9.0,0,0,1,1,0,Overcast clouds,+73°,+64°
2020-09-14,1604381.0,0,0,0,1.0,10.0,0,0,0,0,0,0.0,0,0,0,0,0,Clear sky,+77°,+70°
2020-09-15,1678078.0,1,0,0,1.0,34.0,13,0,0,0,0,4.0,0,1,0,0,0,Clear sky,+66°,+59°
2020-09-16,1686909.0,0,0,0,1.0,17.0,0,0,0,0,0,2.0,0,0,0,0,0,Clear sky,+72°,+59°
2020-09-17,1692368.0,1,0,0,1.0,29.0,0,0,0,1,0,0.0,0,0,0,0,0,Overcast clouds,+73°,+64°
2020-09-18,1725443.0,0,0,0,1.0,37.0,0,0,0,1,0,8.0,1,0,0,0,0,Overcast clouds,+68°,+64°
2020-09-19,1136947.0,0,0,0,2.0,29.0,0,0,0,1,0,9.0,0,1,0,0,0,Clear sky,+63°,+55°
2020-09-20,827605.0,0,0,0,1.0,11.0,0,0,0,0,0,2.0,0,0,0,0,0,Broken clouds,+61°,+52°
2020-09-21,1624139.0,0,0,0,1.0,13.0,0,0,0,0,0,2.0,0,0,0,1,0,Clear sky,+64°,+54°
2020-09-22,1698504.0,0,1,0,1.0,19.0,0,0,0,0,0,6.0,0,0,0,1,0,Clear sky,+72°,+54°
2020-09-23,1735333.0,1,1,0,2.0,20.0,0,0,0,0,0,3.0,0,0,0,1,0,Clear sky,+79°,+59°
2020-09-24,1722364.0,0,1,0,1.0,36.0,0,0,0,1,0,7.0,0,0,0,1,0,Broken clouds,+77°,+64°
2020-09-25,1761591.0,0,1,0,1.0,36.0,0,0,0,1,0,8.0,0,0,0,1,0,Broken clouds,+75°,+64°
2020-09-26,1120143.0,1,1,0,1.0,36.0,0,0,1,1,1,9.0,1,0,0,1,0,Moderate rain,+72°,+64°
2020-09-27,846179.0,0,1,0,1.0,16.0,0,0,0,0,0,1.0,0,0,0,1,0,Clear sky,+77°,+68°
2020-09-28,1489240.0,0,0,0,1.0,17.0,0,0,0,0,0,3.0,0,0,0,0,0,Light intensity shower rain,+75°,+70°
2020-09-29,1661264.0,0,0,0,1.0,16.0,0,0,0,0,0,4.0,0,0,0,0,0,Heavy intensity rain,+72°,+70°
2020-09-30,1740820.0,0,0,0,1.0,19.0,0,0,0,0,0,2.0,1,0,0,0,0,Few clouds,+70°,+70°
2020-10-01,1809958.0,0,0,0,1.0,26.0,0,0,0,1,0,4.0,0,0,0,0,0,Broken clouds,+72°,+63°
2020-10-02,1790612.0,0,0,0,1.0,28.0,0,0,0,1,0,9.0,0,0,0,0,0,Light intensity shower rain,+63°,+61°
2020-10-03,1168040.0,0,0,0,2.0,25.0,0,0,1,1,0,5.0,0,0,0,0,0,Clear sky,+64°,+55°
2020-10-04,852830.0,0,0,0,1.0,20.0,0,0,0,0,0,4.0,0,0,0,0,0,Overcast clouds,+64°,+55°
2020-10-05,1678792.0,0,0,0,1.0,14.0,0,0,0,0,0,1.0,1,0,0,0,0,Partly cloudy,+68°,+57°
2020-10-06,1758454.0,0,0,0,1.0,10.0,0,0,0,0,0,1.0,0,0,0,0,0,Broken clouds,+68°,+59°
2020-10-07,1770617.0,0,0,0,2.0,20.0,0,0,0,0,0,3.0,0,0,0,0,0,Clear sky,+73°,+61°
2020-10-08,1798005.0,0,0,0,1.0,21.0,1,0,0,0,0,3.0,0,0,0,0,0,Clear sky,+63°,+59°
2020-10-09,1808079.0,0,0,0,2.0,28.0,0,0,0,0,0,5.0,1,0,0,0,0,Broken clouds,+66°,+54°
2020-10-10,1170227.0,0,0,0,2.0,24.0,0,0,0,1,0,7.0,0,1,0,0,0,Broken clouds,+72°,+61°
2020-10-11,848469.0,0,0,0,1.0,15.0,0,0,0,1,0,5.0,0,0,0,0,0,Overcast clouds,+64°,+66°
2020-10-12,1284655.0,0,0,0,1.0,16.0,0,0,0,0,0,1.0,0,0,0,0,1,Heavy intensity rain,+52°,+55°
2020-10-13,1715183.0,0,0,0,1.0,21.0,0,0,0,0,0,0.0,0,0,0,0,0,Drizzle,+57°,+55°
2020-10-14,1838682.0,0,0,0,1.0,24.0,0,0,0,0,0,1.0,0,0,0,0,0,Clear sky,+66°,+55°
2020-10-15,1853753.0,0,0,0,1.0,26.0,0,0,0,0,0,2.0,0,0,0,0,0,Partly cloudy,+70°,+57°
2020-10-16,1671320.0,0,0,0,1.0,32.0,0,0,0,0,0,5.0,0,0,0,0,0,Heavy intensity rain,+54°,+64°
2020-10-17,1209473.0,0,0,0,1.0,31.0,0,0,0,0,0,5.0,0,0,0,0,0,Clear sky,+57°,+48°
2020-10-18,896812.0,0,0,0,2.0,28.0,0,0,1,1,0,2.0,0,0,0,0,0,Broken clouds,+61°,+50°
2020-10-19,1719153.0,0,0,0,1.0,15.0,0,0,0,0,0,1.0,0,0,0,0,0,Broken clouds,+64°,+54°
2020-10-20,1780231.0,0,0,0,1.0,19.0,0,0,0,0,0,0.0,0,0,0,0,0,Broken clouds,+64°,+59°
2020-10-21,1812949.0,0,0,0,1.0,31.0,0,0,1,0,0,2.0,0,0,0,0,0,Drizzle,+66°,+61°
2020-10-22,1825208.0,0,0,0,1.0,72.0,0,0,0,0,0,6.0,0,0,0,0,0,Overcast clouds,+68°,+64°
2020-10-23,1842588.0,0,1,0,1.0,67.0,0,0,1,0,0,4.0,0,0,0,0,0,Broken clouds,+66°,+64°
2020-10-24,1185612.0,0,1,0,1.0,59.0,0,0,0,0,0,5.0,0,0,0,0,0,Broken clouds,+68°,+63°
2020-10-25,885001.0,0,0,0,1.0,34.0,0,0,0,0,0,2.0,0,0,0,0,0,Overcast clouds,+50°,+48°
2020-10-26,1690651.0,0,0,0,1.0,21.0,0,0,0,0,0,1.0,0,0,1,0,0,Drizzle,+57°,+52°
2020-10-27,1815242.0,0,0,0,1.0,17.0,0,0,0,0,0,2.0,0,0,0,0,0,Partly cloudy,+57°,+59°
2020-10-28,1819352.0,0,0,0,1.0,40.0,0,0,1,0,0,3.0,0,0,0,0,0,Overcast clouds,+55°,+54°
2020-10-29,1705072.0,0,0,0,1.0,38.0,0,0,0,0,0,0.0,0,0,0,0,0,Heavy intensity rain,+48°,+54°
2020-10-30,1768018.0,0,1,0,1.0,44.0,0,0,0,1,0,4.0,0,0,0,0,0,Light intensity drizzle,+39°,+45°
2020-10-31,1174059.0,0,0,0,1.0,47.0,0,0,0,1,0,4.0,0,0,0,0,0,Few clouds,+45°,+37°
2020-11-01,786675.0,0,0,0,1.0,20.0,1,0,0,0,0,1.0,0,0,0,0,0,Drizzle,+54°,+43°
2020-11-02,1747908.0,0,0,0,1.0,19.0,0,0,0,0,0,0.0,0,0,0,0,0,Partly cloudy,+41°,+43°
2020-11-03,1602912.0,0,0,0,1.0,22.0,4,0,0,0,0,0.0,0,0,0,0,1,Overcast clouds,+52°,+39°
2020-11-04,1690489.0,1,0,0,1.0,64.0,1,0,0,0,0,1.0,0,0,0,0,0,Few clouds,+59°,+45°
2020-11-05,1793796.0,0,0,0,1.0,19.0,0,0,0,0,0,3.0,0,0,0,0,0,Few clouds,+64°,+54°
2020-11-06,1837314.0,0,0,0,1.0,32.0,0,0,0,0,0,9.0,1,0,0,0,0,Clear sky,+68°,+55°
2020-11-07,1246321.0,0,0,0,2.0,21.0,0,0,0,0,0,5.0,1,0,0,0,0,Clear sky,+72°,+57°
2020-11-08,927670.0,0,0,0,1.0,20.0,1,0,0,0,0,3.0,1,0,0,0,0,Clear sky,+72°,+61°
2020-11-09,1752614.0,0,0,0,3.0,27.0,0,0,0,0,0,1.0,0,0,0,0,0,Clear sky,+72°,+57°
2020-11-10,1836902.0,0,1,0,4.0,60.0,3,0,0,0,0,1.0,0,0,0,0,0,Few clouds,+70°,+61°
2020-11-11,1614812.0,0,1,0,2.0,27.0,10,0,0,0,0,4.0,1,0,0,0,1,Overcast clouds,+72°,+64°
2020-11-12,1776666.0,0,1,0,1.0,35.0,0,0,0,0,0,2.0,0,0,0,0,0,Light intensity drizzle,+52°,+64°
2020-11-13,1816693.0,0,1,0,1.0,25.0,0,0,0,1,0,4.0,1,0,0,0,0,Light intensity drizzle,+50°,+50°
2020-11-14,1215477.0,0,1,0,1.0,44.0,0,0,0,0,0,7.0,1,0,0,0,0,Clear sky,+52°,+46°
2020-11-15,820858.0,0,1,0,2.0,12.0,0,0,0,0,0,4.0,1,0,0,0,0,Overcast clouds,+55°,+43°
2020-11-16,1741750.0,0,0,0,1.0,10.0,0,0,0,0,0,0.0,0,0,0,0,0,Clear sky,+52°,+54°
2020-11-17,1788847.0,1,0,0,1.0,28.0,0,0,0,0,0,1.0,0,0,0,0,0,Partly cloudy,+46°,+45°
2020-11-18,1787688.0,0,0,0,1.0,52.0,0,0,0,0,0,3.0,1,0,0,0,0,Clear sky,+37°,+36°
2020-11-19,1757535.0,0,0,0,1.0,27.0,0,0,0,1,0,0.0,0,0,0,0,0,Few clouds,+45°,+32°
2020-11-20,1800423.0,0,0,0,1.0,42.0,0,0,0,1,0,4.0,1,0,0,0,0,Clear sky,+59°,+46°
2020-11-21,1157957.0,0,0,0,2.0,25.0,0,0,0,0,0,4.0,1,0,0,0,0,Few clouds,+61°,+54°
2020-11-22,817963.0,0,0,0,1.0,15.0,0,0,0,0,0,7.0,1,0,0,0,0,Overcast clouds,+50°,+46°
2020-11-23,1646525.0,0,0,0,1.0,25.0,0,0,0,0,0,3.0,1,0,0,0,0,Clear sky,+50°,+57°
2020-11-24,1735702.0,0,0,0,1.0,25.0,8,0,0,0,0,3.0,1,0,0,0,0,Broken clouds,+48°,+43°
2020-11-25,1688227.0,0,0,0,1.0,29.0,5,0,0,0,0,3.0,1,0,0,0,0,Overcast clouds,+54°,+45°
2020-11-26,652276.0,0,0,0,1.0,10.0,2,0,0,1,0,3.0,1,0,0,0,1,Light rain,+63°,+55°
2020-11-27,1263473.0,0,0,0,1.0,16.0,0,0,0,1,0,5.0,1,0,0,0,0,Broken clouds,+61°,+55°
2020-11-28,1032823.0,0,0,0,1.0,22.0,0,0,0,1,0,5.0,1,0,0,0,0,Partly cloudy,+57°,+52°
2020-11-29,826974.0,0,0,0,1.0,12.0,0,0,0,1,0,4.0,1,0,0,0,0,Clear sky,+54°,+45°
2020-11-30,1459131.0,0,0,0,1.0,35.0,0,0,0,1,0,2.0,1,0,0,0,0,Heavy intensity rain,+57°,+48°
2020-12-01,1706348.0,0,1,0,1.0,39.0,0,0,0,1,0,3.0,1,0,0,0,0,Partly cloudy,+52°,+61°
2020-12-02,1699968.0,0,1,0,1.0,43.0,0,0,0,1,0,4.0,1,0,0,0,0,Overcast clouds,+45°,+39°
2020-12-03,1736045.0,0,1,0,1.0,36.0,1,0,0,1,0,5.0,1,0,0,0,0,Partly cloudy,+50°,+39°
2020-12-04,1701628.0,0,1,0,1.0,19.0,0,0,0,1,0,5.0,0,0,0,0,0,Overcast clouds,+52°,+46°
2020-12-05,1000240.0,0,1,0,2.0,30.0,1,0,0,1,0,6.0,0,0,1,0,0,Heavy rain in places,+41°,+46°
2020-12-06,878393.0,0,1,0,1.0,23.0,0,0,0,1,0,6.0,0,0,0,0,0,Clear sky,+41°,+39°
2020-12-07,1656627.0,0,0,0,1.0,35.0,0,0,0,1,0,0.0,0,0,0,0,0,Few clouds,+41°,+34°
2020-12-08,1540893.0,0,0,0,1.0,59.0,0,0,0,1,0,2.0,0,0,0,0,0,Clear sky,+37°,+32°
2020-12-09,1701926.0,0,0,0,1.0,33.0,0,0,1,1,0,2.0,0,0,1,0,0,Drizzle,+39°,+32°
2020-12-10,1761336.0,0,1,0,1.0,51.0,0,0,0,1,0,2.0,0,0,0,0,0,Clear sky,+48°,+37°
2020-12-11,1786290.0,0,0,0,1.0,27.0,1,0,0,1,0,1.0,0,0,0,0,0,Broken clouds,+52°,+41°
2020-12-12,1091352.0,0,0,0,1.0,31.0,1,0,0,1,0,3.0,0,1,0,0,0,Drizzle,+52°,+48°
2020-12-13,911439.0,0,0,0,2.0,28.0,1,0,0,1,0,1.0,0,0,0,0,0,Broken clouds,+57°,+54°
2020-12-14,1584089.0,0,0,0,1.0,46.0,2,0,0,1,0,0.0,0,0,0,0,0,Heavy intensity rain,+37°,+45°
2020-12-15,1783388.0,0,0,0,1.0,63.0,1,0,0,1,0,0.0,0,0,0,0,0,Few clouds,+39°,+36°
2020-12-16,1569079.0,0,0,0,1.0,26.0,0,0,0,1,0,1.0,0,0,0,0,0,Overcast clouds,+32°,+30°
2020-12-17,1079818.0,0,0,0,1.0,24.0,3,0,0,1,0,0.0,0,0,0,0,0,Overcast clouds,+28°,+30°
2020-12-18,1735664.0,0,0,0,1.0,25.0,4,0,0,1,0,0.0,0,0,0,0,0,Clear sky,+32°,+27°
2020-12-19,1112827.0,0,0,0,2.0,32.0,4,0,0,1,0,1.0,0,0,0,0,0,Broken clouds,+30°,+25°
2020-12-20,821265.0,0,0,0,1.0,13.0,3,0,0,1,0,0.0,0,0,0,0,0,Partly clear and wet snow at times,+36°,+30°
2020-12-21,1716035.0,0,0,0,1.0,32.0,3,0,0,1,0,1.0,0,0,0,0,0,Broken clouds,+41°,+36°
2020-12-22,1760948.0,0,1,0,1.0,36.0,2,0,0,1,0,2.0,0,0,0,0,0,Clear sky,+45°,+39°
2020-12-23,1772537.0,0,0,0,1.0,32.0,2,0,0,1,0,1.0,1,0,0,0,0,Broken clouds,+43°,+39°
2020-12-24,1312480.0,0,0,0,1.0,10.0,1,0,0,1,0,0.0,0,0,0,0,0,Overcast clouds,+57°,+45°
2020-12-25,485208.0,0,0,0,1.0,8.0,3,0,0,1,0,0.0,0,0,0,0,1,Heavy intensity rain,+54°,+59°
2020-12-26,879170.0,0,0,0,1.0,11.0,4,0,0,1,0,0.0,0,0,0,0,0,Clear sky,+32°,+32°
2020-12-27,760350.0,0,0,0,1.0,9.0,2,0,0,1,0,0.0,0,0,0,0,0,Partly cloudy,+39°,+28°
2020-12-28,1510168.0,0,0,0,0.0,19.0,2,0,0,1,0,0.0,0,0,0,0,0,Few clouds,+50°,+36°
2020-12-29,1555198.0,0,0,0,1.0,27.0,2,0,0,1,0,0.0,0,0,0,0,0,Partly cloudy,+39°,+41°
2020-12-30,1582486.0,0,0,0,1.0,29.0,3,0,0,1,0,0.0,0,0,0,0,0,Broken clouds,+39°,+30°
2020-12-31,1274984.0,0,1,0,1.0,77.0,1,0,0,1,0,2.0,0,0,0,0,1,Light intensity drizzle,+45°,+43°
2021-01-01,613692.0,0,0,0,1.0,24.0,0,0,0,0,0,1.0,0,0,0,0,1,Overcast clouds,+39°,+34°
2021-01-02,988418.0,0,0,0,2.0,3.0,0,0,0,0,0,0.0,0,0,0,0,0,Overcast clouds,+50°,+41°
2021-01-03,653187.0,0,0,0,0.0,2.0,0,0,0,0,0,0.0,0,0,0,0,0,Light intensity drizzle,+37°,+36°
2021-01-04,1557977.0,0,0,0,1.0,15.0,0,0,0,0,0,0.0,0,0,0,0,0,Few clouds,+43°,+36°
2021-01-05,1597518.0,0,0,0,0.0,24.0,0,0,0,0,0,0.0,0,0,0,0,0,Overcast clouds,+41°,+37°
2021-01-06,1613629.0,0,0,0,1.0,35.0,1,0,0,0,0,0.0,0,0,0,0,0,Clear sky,+41°,+37°
2021-01-07,1611099.0,1,0,0,1.0,15.0,2,0,0,0,0,1.0,0,0,0,0,0,Clear sky,+41°,+34°
2021-01-08,1619242.0,0,0,0,1.0,16.0,3,0,0,0,0,1.0,0,0,0,0,0,Partly cloudy,+39°,+32°
2021-01-09,990412.0,0,0,0,2.0,12.0,3,0,0,0,0,1.0,0,0,0,0,0,Overcast clouds,+34°,+30°
2021-01-10,763097.0,0,0,0,0.0,6.0,2,0,0,0,0,1.0,0,0,0,0,0,Few clouds,+39°,+32°
2021-01-11,1568207.0,0,0,0,1.0,12.0,2,0,0,0,1,0.0,0,0,0,0,0,Overcast clouds,+36°,+32°
2021-01-12,1640428.0,1,0,0,0.0,14.0,2,0,0,0,0,0.0,0,0,0,0,0,Clear sky,+41°,+34°
2021-01-13,1641652.0,0,0,0,1.0,29.0,4,0,0,0,0,0.0,0,0,0,0,0,Broken clouds,+41°,+34°
2021-01-14,1647396.0,0,0,0,1.0,18.0,3,0,0,0,1,0.0,0,0,0,0,0,Overcast clouds,+46°,+37°
2021-01-15,1627120.0,0,0,0,1.0,13.0,4,0,0,0,0,0.0,0,0,0,0,0,Overcast clouds,+43°,+36°
2021-01-16,991500.0,0,0,0,2.0,16.0,4,0,0,0,1,0.0,0,0,0,0,0,Partly cloudy,+46°,+45°
2021-01-17,797654.0,0,0,0,0.0,13.0,4,0,0,0,1,0.0,0,0,0,0,0,Partly cloudy,+43°,+37°
2021-01-18,1276978.0,1,1,0,1.0,14.0,2,0,0,0,1,0.0,0,0,0,0,1,Partly cloudy,+45°,+41°
2021-01-19,1635915.0,0,0,0,0.0,17.0,3,0,0,0,0,0.0,0,0,0,0,0,Broken clouds,+41°,+36°
2021-01-20,1575075.0,0,0,0,1.0,18.0,5,0,0,0,0,0.0,0,0,0,0,0,Few clouds,+41°,+34°
2021-01-21,1652842.0,0,0,0,1.0,16.0,0,0,0,0,0,1.0,0,0,0,0,0,Partly cloudy,+39°,+28°
2021-01-22,1672001.0,0,0,0,1.0,17.0,1,0,0,0,0,1.0,0,0,0,0,0,Broken clouds,+43°,+36°
2021-01-23,997551.0,0,0,0,2.0,14.0,1,0,0,0,0,0.0,0,0,0,0,0,Partly cloudy,+30°,+34°
2021-01-24,741139.0,0,0,0,0.0,11.0,2,0,0,0,0,0.0,0,0,0,0,0,Partly cloudy,+32°,+25°
2021-01-25,1592468.0,0,0,0,1.0,11.0,1,0,0,0,0,0.0,0,0,0,0,0,Broken clouds,+36°,+28°
2021-01-26,1550953.0,0,0,0,0.0,25.0,1,0,0,0,0,0.0,0,0,0,0,0,Rain and snow,+32°,+32°
2021-01-27,1660278.0,0,0,0,1.0,32.0,4,0,0,0,0,0.0,0,0,0,0,0,Broken clouds,+39°,+36°
2021-01-28,1646806.0,0,0,0,1.0,25.0,5,0,0,0,0,0.0,0,0,0,0,0,Clear sky,+32°,+30°
2021-01-29,1511680.0,0,0,0,1.0,23.0,3,0,0,0,0,0.0,0,0,0,0,0,Clear sky,+23°,+21°
2021-01-30,942615.0,0,0,0,2.0,20.0,2,0,0,0,0,0.0,0,0,0,0,0,Clear sky,+28°,+19°
2021-01-31,722853.0,0,0,0,0.0,13.0,2,0,0,0,0,0.0,0,0,0,0,0,Overcast clouds,+25°,+25°
2021-02-01,583230.0,0,0,0,1.0,10.0,1,0,0,0,0,0.0,0,0,0,0,0,Heavy snow,+28°,+27°
2021-02-02,1005985.0,0,0,0,0.0,12.0,0,0,0,0,0,0.0,0,0,0,0,0,Snow,+32°,+34°
2021-02-03,1702598.0,0,0,0,1.0,20.0,0,0,0,0,0,1.0,0,0,0,0,0,Overcast clouds,+36°,+30°
2021-02-04,1785833.0,0,0,0,1.0,16.0,1,0,0,0,0,0.0,0,0,0,0,0,Clear sky,+39°,+32°
2021-02-05,1741015.0,0,0,0,2.0,17.0,0,0,0,0,0,0.0,0,0,0,0,0,Partly cloudy,+43°,+36°
2021-02-06,1148477.0,0,0,0,3.0,13.0,0,0,0,0,0,0.0,0,0,0,0,0,Clear sky,+43°,+36°
2021-02-07,652521.0,0,0,0,0.0,8.0,0,0,0,0,0,0.0,0,0,0,0,0,Heavy snow,+34°,+34°
2021-02-08,1639753.0,0,0,0,1.0,9.0,1,0,0,0,0,0.0,0,0,0,0,0,Clear sky,+28°,+25°
2021-02-09,1666467.0,0,0,0,0.0,12.0,0,0,0,0,0,0.0,0,0,0,0,0,Rain and snow,+34°,+25°
2021-02-10,1750121.0,0,0,0,1.0,19.0,0,0,0,0,0,0.0,0,0,0,0,0,Clear sky,+34°,+28°
2021-02-11,1714656.0,0,0,0,1.0,29.0,1,0,0,0,0,0.0,0,0,0,0,0,Broken clouds,+32°,+30°
2021-02-12,1706430.0,0,0,0,1.0,23.0,0,0,0,0,0,0.0,0,0,0,0,1,Overcast clouds,+27°,+25°
2021-02-13,1092063.0,0,0,0,2.0,33.0,2,0,0,0,0,0.0,0,0,0,0,0,Overcast clouds,+27°,+27°
2021-02-14,858014.0,0,0,0,0.0,16.0,0,0,0,0,0,1.0,0,0,0,0,0,Overcast clouds,+36°,+30°
2021-02-15,1218593.0,0,0,0,1.0,15.0,0,0,0,0,0,0.0,0,0,0,0,1,Cloudy and light snow,+34°,+34°
2021-02-16,1627528.0,0,0,0,0.0,17.0,1,0,0,0,0,0.0,0,0,0,0,0,Clear sky,+48°,+37°
2021-02-17,1733160.0,0,0,0,1.0,20.0,0,0,0,0,0,1.0,0,0,0,0,0,Broken clouds,+30°,+32°
2021-02-18,1381886.0,0,0,0,1.0,27.0,3,0,0,0,0,0.0,0,0,0,0,0,Heavy snow,+27°,+27°
2021-02-19,1566021.0,0,0,0,2.0,35.0,3,0,0,0,0,1.0,0,0,0,0,0,Snow,+32°,+30°
2021-02-20,1110589.0,0,0,1,2.0,33.0,1,0,0,0,0,1.0,0,0,0,0,0,Overcast clouds,+32°,+32°
2021-02-21,836095.0,0,0,0,0.0,17.0,0,0,0,0,0,0.0,0,0,0,0,0,Clear sky,+34°,+27°
2021-02-22,1582054.0,0,0,0,1.0,13.0,0,0,0,0,0,0.0,0,0,0,0,0,Shower sleet,+36°,+30°
2021-02-23,1730198.0,0,0,0,0.0,23.0,3,0,0,1,0,0.0,0,0,0,0,0,Drizzle,+39°,+37°
2021-02-24,1806306.0,0,0,0,1.0,18.0,1,0,0,0,0,1.0,0,0,0,0,0,Few clouds,+50°,+41°
2021-02-25,1798165.0,0,0,0,1.0,22.0,2,0,0,0,0,0.0,0,0,0,0,0,Clear sky,+46°,+48°
2021-02-26,1822812.0,0,0,0,1.0,18.0,1,0,0,0,0,0.0,0,0,0,0,0,Few clouds,+45°,+36°
2021-02-27,1072932.0,0,0,0,2.0,28.0,5,0,0,0,0,2.0,0,0,0,0,0,Heavy intensity rain,+50°,+41°
2021-02-28,810071.0,0,0,0,0.0,17.0,4,0,0,0,0,0.0,0,0,0,0,0,Overcast clouds,+45°,+43°
2021-03-01,1696274.0,0,0,0,1.0,13.0,1,0,0,0,0,0.0,0,0,0,0,0,Light intensity drizzle,+46°,+45°
2021-03-02,1749511.0,0,0,0,1.0,13.0,2,0,0,0,0,1.0,0,0,0,0,0,Clear sky,+32°,+30°
2021-03-03,1846431.0,0,0,0,3.0,7.0,0,0,0,0,0,0.0,0,0,0,0,0,Clear sky,+50°,+32°
2021-03-04,1808744.0,0,0,0,1.0,27.0,2,0,0,0,0,2.0,0,0,0,0,0,Broken clouds,+41°,+43°
2021-03-05,1825915.0,0,0,0,1.0,38.0,5,0,0,0,0,5.0,0,0,0,0,0,Clear sky,+36°,+28°
2021-03-06,1167884.0,0,0,0,2.0,26.0,3,0,0,0,0,4.0,0,0,0,0,0,Broken clouds,+34°,+32°
2021-03-07,894119.0,0,0,0,0.0,12.0,1,0,0,0,0,0.0,0,0,0,0,0,Few clouds,+39°,+28°
2021-03-08,1719586.0,0,0,0,1.0,21.0,4,0,0,0,0,1.0,0,0,0,0,0,Clear sky,+39°,+30°
2021-03-09,1834068.0,0,0,0,0.0,10.0,2,0,0,0,0,0.0,0,0,0,0,0,Clear sky,+61°,+41°
2021-03-10,1849077.0,0,0,0,1.0,17.0,2,0,0,0,0,0.0,0,0,0,0,0,Partly cloudy,+54°,+45°
2021-03-11,1881902.0,0,0,0,1.0,20.0,3,0,0,0,0,0.0,0,0,0,0,0,Clear sky,+66°,+48°
2021-03-12,1914465.0,1,0,0,1.0,28.0,1,0,0,0,0,1.0,0,0,0,0,0,Few clouds,+64°,+61°
2021-03-13,1257372.0,0,0,0,2.0,27.0,0,0,0,0,0,0.0,0,0,0,0,0,Clear sky,+46°,+48°
2021-03-14,923968.0,0,0,0,0.0,10.0,1,0,0,0,0,0.0,0,0,0,0,0,Partly cloudy,+50°,+45°
2021-03-15,1730024.0,0,0,0,1.0,14.0,2,0,0,0,0,0.0,0,0,0,0,0,Clear sky,+36°,+30°
2021-03-16,1798288.0,0,0,0,0.0,13.0,2,0,0,0,0,0.0,0,0,0,0,0,Overcast clouds,+36°,+32°
2021-03-17,1866414.0,0,0,0,1.0,30.0,0,0,0,0,0,1.0,0,0,0,0,0,Broken clouds,+46°,+39°
2021-03-18,1771092.0,0,0,0,1.0,13.0,2,0,0,0,0,0.0,0,0,0,0,0,Heavy intensity rain,+45°,+45°
2021-03-19,1906749.0,1,0,0,2.0,24.0,2,0,0,1,0,2.0,0,0,0,0,0,Few clouds,+39°,+39°
2021-03-20,1307403.0,0,0,0,2.0,21.0,3,0,0,0,0,2.0,0,0,1,0,0,Clear sky,+55°,+34°
2021-03-21,1013386.0,1,0,0,0.0,26.0,2,0,0,0,0,4.0,0,0,0,0,0,Clear sky,+61°,+43°
2021-03-22,1801438.0,0,0,0,2.0,11.0,1,0,0,0,0,0.0,0,0,0,0,0,Clear sky,+59°,+46°
2021-03-23,1879574.0,0,0,0,0.0,17.0,2,0,0,0,0,1.0,0,0,0,0,0,Broken clouds,+63°,+46°
2021-03-24,1828084.0,0,0,0,1.0,11.0,0,0,0,0,0,0.0,0,0,0,0,0,Drizzle,+55°,+50°
2021-03-25,1925768.0,0,0,0,1.0,35.0,1,0,0,0,0,3.0,0,0,0,0,0,Broken clouds,+68°,+54°
2021-03-26,1938246.0,0,0,0,1.0,42.0,3,0,0,0,0,0.0,0,0,0,0,0,Few clouds,+73°,+57°
2021-03-27,1374266.0,0,0,0,1.0,17.0,3,0,0,0,0,0.0,0,0,0,0,0,Overcast clouds,+64°,+55°
2021-03-28,807247.0,0,0,0,0.0,9.0,1,0,0,0,0,0.0,0,0,0,0,0,Heavy intensity rain,+55°,+54°
2021-03-29,1742162.0,0,0,0,2.0,17.0,2,0,0,0,0,0.0,0,0,0,0,0,Clear sky,+54°,+52°
2021-03-30,1881537.0,1,0,0,0.0,33.0,4,0,0,1,0,0.0,0,0,0,0,0,Few clouds,+59°,+45°
2021-03-31,1808546.0,0,0,0,1.0,25.0,0,0,0,0,0,1.0,0,0,0,0,0,Broken clouds,+63°,+52°
2021-04-01,1841815.0,0,0,0,1.0,24.0,6,0,0,0,0,0.0,0,0,0,0,0,Light intensity shower rain,+48°,+54°
2021-04-02,1757698.0,0,0,0,2.0,18.0,7,0,0,0,0,0.0,0,0,0,0,0,Overcast clouds,+37°,+37°
2021-04-03,1318461.0,0,0,0,1.0,21.0,7,0,0,0,0,3.0,0,0,0,0,0,Clear sky,+50°,+34°
2021-04-04,950194.0,0,0,0,0.0,18.0,12,0,0,0,0,1.0,0,0,0,0,0,Few clouds,+59°,+46°
2021-04-05,1818703.0,1,0,0,1.0,15.0,7,0,0,0,0,2.0,0,0,0,1,0,Clear sky,+64°,+52°
2021-04-06,1942198.0,0,0,0,0.0,29.0,13,0,0,1,0,4.0,0,0,0,1,0,Clear sky,+64°,+52°
2021-04-07,1985370.0,1,0,0,3.0,36.0,16,0,0,0,0,3.0,0,0,1,1,0,Clear sky,+66°,+55°
2021-04-08,2013413.0,0,0,0,1.0,31.0,21,0,0,1,0,1.0,0,0,0,0,0,Broken clouds,+66°,+52°
2021-04-09,2026724.0,0,0,0,1.0,35.0,3,0,0,0,0,1.0,0,0,0,0,0,Overcast clouds,+57°,+52°
2021-04-10,1391245.0,0,0,0,1.0,38.0,16,0,0,0,0,3.0,0,0,0,0,0,Broken clouds,+63°,+52°
2021-04-11,899646.0,0,0,0,0.0,24.0,5,0,0,0,0,1.0,0,0,0,0,0,Heavy intensity rain,+57°,+57°
2021-04-12,1845836.0,0,0,0,2.0,24.0,8,0,0,0,0,1.0,0,0,0,0,0,Drizzle,+50°,+48°
2021-04-13,2012153.0,1,0,0,0.0,27.0,11,0,0,0,0,1.0,0,0,0,0,0,Clear sky,+61°,+46°
2021-04-14,2018126.0,0,0,0,0.0,24.0,0,0,0,0,0,1.0,0,0,0,0,0,Overcast clouds,+70°,+54°
2021-04-15,1906733.0,0,0,0,2.0,52.0,16,0,0,0,0,1.0,0,0,0,0,0,Heavy intensity rain,+52°,+57°
2021-04-16,2078856.0,0,0,0,2.0,39.0,15,0,0,0,0,2.0,0,0,0,0,0,Partly cloudy,+52°,+45°
2021-04-17,1425036.0,0,0,0,2.0,51.0,22,0,0,0,0,1.0,0,0,0,0,0,Overcast clouds,+55°,+45°
2021-04-18,1082503.0,0,0,0,0.0,27.0,4,0,0,0,0,3.0,0,0,0,0,0,Broken clouds,+61°,+50°
2021-04-19,1911326.0,0,0,0,1.0,23.0,12,0,0,0,0,0.0,0,0,0,0,0,Overcast clouds,+63°,+54°
2021-04-20,2082495.0,0,0,0,0.0,49.0,16,0,0,1,0,2.0,1,0,0,0,0,Partly cloudy,+72°,+54°
2021-04-21,1965922.0,0,0,0,2.0,35.0,1,0,0,1,0,1.0,1,0,0,0,0,Overcast clouds,+63°,+59°
2021-04-22,2040232.0,0,0,0,3.0,56.0,19,0,0,1,0,2.0,0,0,0,0,0,Overcast clouds,+48°,+39°
2021-04-23,2121350.0,0,0,0,1.0,39.0,0,0,0,1,0,2.0,0,0,0,0,0,Broken clouds,+59°,+41°
2021-04-24,1520057.0,1,0,0,2.0,46.0,1,0,0,0,0,1.0,0,1,0,0,0,Broken clouds,+68°,+55°
2021-04-25,985027.0,0,0,0,0.0,29.0,14,0,0,1,0,0.0,0,0,0,0,0,Overcast clouds,+61°,+55°
2021-04-26,1955370.0,0,0,0,2.0,23.0,11,0,0,1,0,0.0,0,0,0,0,0,Clear sky,+57°,+50°
2021-04-27,2041698.0,0,0,0,0.0,31.0,12,0,0,1,0,1.0,1,0,0,0,0,Clear sky,+61°,+48°
2021-04-28,2135793.0,1,0,0,1.0,34.0,3,0,0,1,0,2.0,0,0,0,0,0,Broken clouds,+81°,+55°
2021-04-29,2028524.0,0,0,0,0.0,41.0,16,0,0,1,0,1.0,0,0,0,0,0,Overcast clouds,+73°,+64°
2021-04-30,2159476.0,1,0,0,1.0,36.0,14,0,0,0,0,1.0,0,0,0,0,0,Few clouds,+68°,+66°
2021-05-01,1515211.0,0,0,0,0.0,26.0,1,0,0,0,0,1.0,0,0,0,0,0,Clear sky,+63°,+46°
2021-05-02,1153471.0,0,0,0,0.0,21.0,10,0,0,0,0,1.0,0,0,0,0,0,Broken clouds,+77°,+57°
2021-05-03,1971010.0,0,0,0,1.0,13.0,6,0,0,1,0,0.0,0,0,0,0,0,Overcast clouds,+63°,+63°
2021-05-04,2120071.0,0,0,0,0.0,20.0,10,0,0,0,0,0.0,0,0,0,0,0,Broken clouds,+70°,+55°
2021-05-05,2074543.0,0,0,0,0.0,25.0,13,0,0,1,0,0.0,0,0,0,0,0,Heavy intensity rain,+59°,+55°
2021-05-06,2199943.0,0,0,0,0.0,36.0,14,0,0,0,0,7.0,0,0,0,0,0,Clear sky,+64°,+52°
2021-05-07,2238033.0,0,0,0,0.0,21.0,7,0,0,0,0,4.0,0,0,0,0,0,Broken clouds,+63°,+54°
2021-05-08,1444674.0,0,0,0,0.0,22.0,7,0,0,0,0,3.0,0,0,0,0,0,Light intensity drizzle,+52°,+52°
2021-05-09,1107878.0,0,0,0,0.0,21.0,1,0,0,0,0,3.0,0,0,0,0,0,Overcast clouds,+61°,+48°
2021-05-10,1990039.0,0,0,0,1.0,14.0,1,0,0,0,0,1.0,0,0,0,0,0,Overcast clouds,+59°,+48°
2021-05-11,2148322.0,0,0,0,1.0,16.0,4,0,0,0,0,1.0,0,0,0,0,0,Overcast clouds,+64°,+52°
2021-05-12,2182277.0,1,0,0,1.0,16.0,1,0,0,0,0,0.0,0,0,0,0,0,Few clouds,+64°,+50°
2021-05-13,2163052.0,0,0,0,2.0,47.0,1,0,0,1,0,3.0,0,0,0,0,0,Few clouds,+68°,+55°
2021-05-14,2266974.0,1,0,0,2.0,38.0,3,0,0,0,0,0.0,0,0,0,0,0,Clear sky,+73°,+57°
2021-05-15,1637231.0,1,0,0,0.0,42.0,3,0,0,1,0,0.0,0,0,0,0,0,Few clouds,+73°,+61°
2021-05-16,1201904.0,1,0,0,0.0,27.0,2,0,0,1,0,0.0,0,0,0,0,0,Overcast clouds,+72°,+63°
2021-05-17,2022584.0,0,0,0,0.0,17.0,7,0,0,0,0,2.0,0,0,0,0,0,Few clouds,+75°,+61°
2021-05-18,2150049.0,1,0,0,3.0,22.0,8,0,0,0,0,1.0,0,0,0,0,0,Partly cloudy,+81°,+64°
2021-05-19,2257549.0,0,0,0,4.0,36.0,15,0,0,0,0,6.0,0,0,0,0,0,Clear sky,+86°,+70°
2021-05-20,2269471.0,0,0,0,3.0,43.0,17,0,0,0,0,1.0,0,0,0,0,0,Few clouds,+73°,+66°
2021-05-21,2331876.0,0,0,0,4.0,54.0,14,0,0,0,0,2.0,0,0,0,1,0,Clear sky,+77°,+61°
2021-05-22,1645268.0,0,0,0,1.0,65.0,20,0,0,0,0,3.0,0,0,0,1,0,Broken clouds,+91°,+68°
2021-05-23,1268928.0,0,0,0,6.0,48.0,7,0,0,0,0,2.0,0,0,0,1,0,Broken clouds,+90°,+75°
2021-05-24,2118877.0,0,0,0,2.0,19.0,3,0,0,0,0,3.0,0,0,0,0,0,Overcast clouds,+66°,+68°
2021-05-25,2270945.0,1,0,0,4.0,25.0,4,0,0,0,0,1.0,0,0,0,1,0,Few clouds,+72°,+57°
2021-05-26,2275882.0,0,0,0,2.0,33.0,11,0,0,1,0,4.0,0,0,0,1,0,Few clouds,+86°,+66°
2021-05-27,2352019.0,0,0,0,9.0,52.0,1,0,0,0,0,1.0,0,0,0,1,0,Clear sky,+82°,+70°
2021-05-28,2232599.0,0,0,0,6.0,45.0,14,0,0,0,0,0.0,0,0,0,0,0,Partly cloudy,+66°,+63°
2021-05-29,1370135.0,1,0,0,6.0,58.0,18,0,0,0,0,4.0,0,0,0,0,0,Light intensity drizzle,+50°,+48°
2021-05-30,1065176.0,0,0,0,22.0,44.0,15,0,0,0,0,0.0,0,0,0,0,0,Light intensity drizzle,+50°,+48°
2021-05-31,1389651.0,0,0,0,4.0,23.0,5,0,0,0,0,2.0,0,0,0,1,1,Overcast clouds,+64°,+50°
2021-06-01,2258831.0,0,0,0,4.0,23.0,4,0,0,0,0,3.0,0,0,0,1,0,Broken clouds,+75°,+59°
2021-06-02,2343745.0,1,0,0,4.0,26.0,8,0,0,1,0,4.0,0,0,0,1,0,Broken clouds,+72°,+63°
2021-06-03,2233917.0,1,0,0,9.0,36.0,8,0,0,0,0,6.0,0,0,0,1,0,Overcast clouds,+72°,+61°
2021-06-04,2310032.0,0,0,0,12.0,43.0,8,0,0,0,0,5.0,0,0,0,1,0,Light rain,+75°,+68°
2021-06-05,1792204.0,0,0,0,10.0,51.0,7,0,0,0,0,9.0,0,0,0,1,0,Clear sky,+90°,+66°
2021-06-06,1363344.0,0,0,0,3.0,36.0,6,0,0,1,0,9.0,0,0,0,1,0,Few clouds,+90°,+77°
2021-06-07,2223265.0,0,0,0,1.0,19.0,6,0,0,0,0,4.0,0,0,0,0,0,Partly cloudy,+86°,+77°
2021-06-08,2265591.0,0,0,0,5.0,21.0,4,0,0,0,0,6.0,0,0,0,0,0,Heavy rain in places,+82°,+77°
2021-06-09,2386026.0,0,0,0,5.0,33.0,1,0,0,0,0,14.0,0,0,0,0,0,Partly cloudy,+88°,+73°
2021-06-10,2473818.0,0,0,0,5.0,29.0,6,0,0,0,0,9.0,0,0,0,0,0,Broken clouds,+81°,+77°
2021-06-11,2468258.0,0,0,0,10.0,50.0,7,0,0,0,0,10.0,0,0,0,0,0,Overcast clouds,+73°,+63°
2021-06-12,1775538.0,0,0,0,7.0,48.0,15,0,0,0,0,21.0,0,0,0,0,0,Overcast clouds,+70°,+64°
2021-06-13,1379959.0,0,0,0,5.0,44.0,8,0,0,0,0,15.0,0,0,0,0,0,Overcast clouds,+75°,+64°
2021-06-14,2223186.0,0,0,0,4.0,14.0,5,0,0,0,0,4.0,0,0,0,0,0,Heavy rain in places,+68°,+66°
2021-06-15,2469785.0,0,1,0,5.0,23.0,5,0,0,0,0,10.0,0,0,0,0,0,Few clouds,+79°,+66°
2021-06-16,2519444.0,0,1,0,9.0,33.0,10,0,0,0,1,12.0,0,0,0,0,0,Clear sky,+77°,+66°
2021-06-17,2552497.0,0,1,0,9.0,48.0,18,0,0,0,0,13.0,0,0,0,0,0,Clear sky,+77°,+64°
2021-06-18,2572013.0,0,1,0,10.0,53.0,18,0,0,0,0,13.0,0,0,0,1,0,Partly cloudy,+82°,+66°
2021-06-19,1784312.0,1,1,0,10.0,65.0,28,0,0,0,0,15.0,1,0,0,1,0,Partly cloudy,+90°,+72°
2021-06-20,1389352.0,0,1,0,5.0,39.0,16,0,0,1,0,13.0,0,0,0,1,0,Few clouds,+84°,+70°
2021-06-21,2264368.0,0,1,0,2.0,20.0,13,0,0,0,0,4.0,0,0,0,0,0,Broken clouds,+84°,+75°
2021-06-22,2354873.0,1,1,0,6.0,32.0,4,0,0,0,0,10.0,0,0,0,1,0,Thunderstorm with heavy rain,+64°,+77°
2021-06-23,2547416.0,0,1,0,8.0,46.0,4,0,0,0,0,16.0,0,0,0,1,0,Overcast clouds,+73°,+59°
2021-06-24,2552639.0,1,1,0,0.0,45.0,3,0,0,0,0,16.0,0,0,0,1,0,Few clouds,+75°,+64°
2021-06-25,2582713.0,0,1,0,0.0,67.0,10,0,0,0,0,21.0,0,0,0,0,0,Broken clouds,+79°,+63°
2021-06-26,1854179.0,0,1,0,0.0,75.0,9,0,0,0,0,26.0,0,0,0,0,0,Broken clouds,+79°,+70°
2021-06-27,1559967.0,0,1,0,0.0,47.0,8,0,0,0,0,14.0,0,0,0,0,0,Broken clouds,+84°,+75°
2021-06-28,2252362.0,0,1,0,6.0,22.0,6,0,0,0,0,6.0,0,0,0,1,0,Partly cloudy,+90°,+79°
2021-06-29,2343739.0,0,1,0,6.0,30.0,10,0,0,0,0,10.0,0,0,0,1,0,Few clouds,+95°,+82°
2021-06-30,2346388.0,1,1,0,7.0,39.0,1,0,0,0,0,14.0,0,0,0,1,0,Few clouds,+97°,+84°
2021-07-01,2292461.0,0,1,0,5.0,30.0,5,0,0,0,0,12.0,0,0,0,1,0,Drizzle,+79°,+79°
2021-07-02,2296044.0,0,1,0,12.0,46.0,1,0,0,0,0,18.0,0,0,0,0,0,Heavy rain in places,+77°,+72°
2021-07-03,1541988.0,1,1,0,9.0,39.0,8,0,0,0,0,13.0,0,0,0,0,0,Moderate rain,+63°,+63°
2021-07-04,1468510.0,0,1,0,1.0,20.0,6,0,0,0,0,6.0,0,0,0,0,0,Light intensity shower rain,+75°,+63°
2021-07-05,1495709.0,1,1,0,2.0,11.0,5,0,0,0,0,3.0,0,0,0,0,1,Light intensity shower rain,+81°,+68°
2021-07-06,2302002.0,0,1,0,3.0,13.0,3,0,0,0,0,6.0,0,0,0,0,0,Partly cloudy,+91°,+75°
2021-07-07,2437064.0,0,1,0,8.0,30.0,3,0,0,0,0,13.0,0,0,0,0,0,Few clouds,+90°,+75°
2021-07-08,2364250.0,0,1,0,8.0,42.0,7,0,0,0,0,25.0,0,0,0,0,0,Thunderstorm with rain,+82°,+77°
2021-07-09,2318387.0,0,1,0,12.0,56.0,12,0,0,0,0,23.0,0,0,0,0,0,Partly cloudy,+82°,+72°
2021-07-10,1781717.0,0,1,0,15.0,64.0,9,0,0,0,0,29.0,0,0,0,0,0,Light rain,+77°,+75°
2021-07-11,1365854.0,1,1,0,7.0,39.0,2,0,0,0,0,21.0,0,0,0,0,0,Heavy rain in places,+73°,+72°
2021-07-12,2245412.0,0,1,0,3.0,17.0,4,0,0,0,0,7.0,0,0,0,0,0,Thunderstorm with rain,+82°,+73°
2021-07-13,2457526.0,0,1,0,7.0,25.0,5,0,0,0,0,10.0,0,0,0,0,0,Broken clouds,+75°,+72°
2021-07-14,2517615.0,0,1,0,6.0,33.0,6,0,0,0,0,17.0,0,0,0,0,0,Few clouds,+86°,+72°
2021-07-15,2581582.0,0,1,0,5.0,36.0,4,0,0,0,0,18.0,0,0,0,1,0,Broken clouds,+84°,+75°
2021-07-16,2536569.0,0,1,0,11.0,54.0,11,0,0,0,0,24.0,0,0,0,1,0,Few clouds,+90°,+79°
2021-07-17,1717480.0,0,1,0,14.0,67.0,10,0,0,0,0,27.0,0,0,0,1,0,Light intensity shower rain,+86°,+79°
2021-07-18,1405344.0,0,1,0,8.0,43.0,4,0,0,0,0,24.0,0,0,0,1,0,Broken clouds,+81°,+75°
2021-07-19,2327756.0,0,1,0,6.0,23.0,3,0,0,0,0,12.0,0,0,0,0,0,Broken clouds,+77°,+73°
2021-07-20,2462002.0,0,1,0,10.0,35.0,7,0,0,0,0,13.0,0,0,0,1,0,Few clouds,+86°,+75°
2021-07-21,2504568.0,0,1,0,9.0,50.0,11,0,0,0,0,22.0,0,0,0,1,0,Thunderstorm with rain,+79°,+77°
2021-07-22,2582151.0,0,1,0,14.0,51.0,7,0,0,0,0,21.0,0,0,0,0,0,Broken clouds,+81°,+70°
2021-07-23,2552330.0,0,1,0,17.0,80.0,11,1,0,0,0,23.0,0,0,0,0,0,Few clouds,+81°,+70°
2021-07-24,1852402.0,0,1,0,20.0,93.0,11,0,1,0,0,26.0,0,0,0,0,0,Few clouds,+81°,+70°
2021-07-25,1364830.0,0,0,0,1.0,47.0,2,0,0,0,0,26.0,0,0,0,0,0,Broken clouds,+81°,+73°
2021-07-26,2318455.0,0,1,0,10.0,27.0,3,0,0,0,0,11.0,0,0,0,0,0,Partly cloudy,+88°,+77°
2021-07-27,2487947.0,0,1,0,13.0,41.0,3,0,0,0,0,18.0,0,0,0,0,0,Few clouds,+88°,+77°
2021-07-28,2534756.0,0,1,0,13.0,47.0,1,0,0,0,0,23.0,0,0,0,0,0,Few clouds,+79°,+73°
2021-07-29,2428764.0,1,1,0,14.0,64.0,11,0,0,0,0,30.0,0,0,0,0,0,Drizzle,+75°,+72°
2021-07-30,2557677.0,0,1,0,20.0,82.0,8,0,0,1,0,40.0,0,0,0,0,0,Clear sky,+81°,+72°
2021-07-31,1841007.0,0,1,0,20.0,84.0,6,1,0,0,0,41.0,0,0,0,0,0,Partly cloudy,+75°,+64°
2021-08-01,1351294.0,0,1,0,9.0,48.0,6,0,0,0,0,27.0,0,1,0,0,0,Broken clouds,+73°,+70°
2021-08-02,2333923.0,0,1,0,9.0,31.0,4,0,0,0,0,14.0,0,0,0,1,0,Few clouds,+77°,+68°
2021-08-03,2483802.0,0,1,0,11.0,46.0,4,0,0,0,0,21.0,1,0,0,1,0,Broken clouds,+77°,+68°
2021-08-04,2529002.0,0,1,0,11.0,51.0,5,0,0,0,0,30.0,0,0,0,1,0,Broken clouds,+73°,+70°
2021-08-05,2529190.0,0,1,0,14.0,75.0,12,0,0,0,1,32.0,1,0,0,1,0,Overcast clouds,+77°,+68°
2021-08-06,2519444.0,0,1,0,18.0,106.0,18,0,0,0,0,31.0,0,0,0,1,0,Few clouds,+86°,+72°
2021-08-07,1780458.0,0,1,0,26.0,122.0,15,0,0,0,0,40.0,0,0,0,1,0,Broken clouds,+86°,+75°
2021-08-08,1333885.0,1,1,0,15.0,80.0,11,0,0,0,0,43.0,0,0,0,1,0,Heavy rain in places,+72°,+73°
2021-08-09,2289434.0,1,1,0,10.0,50.0,11,0,0,0,0,23.0,0,0,0,0,0,Broken clouds,+79°,+70°
2021-08-10,2442194.0,0,1,0,14.0,57.0,6,0,0,0,0,27.0,0,0,1,0,0,Broken clouds,+81°,+73°
2021-08-11,2475949.0,0,1,0,16.0,63.0,6,0,0,0,0,37.0,0,0,0,0,0,Broken clouds,+90°,+75°
2021-08-12,2448589.0,0,1,0,14.0,84.0,12,0,0,0,0,46.0,0,0,1,0,0,Clear sky,+93°,+77°
2021-08-13,2430102.0,0,1,0,18.0,109.0,11,0,0,0,0,49.0,0,0,1,0,0,Clear sky,+93°,+82°
2021-08-14,1718222.0,0,1,0,29.0,125.0,15,0,0,0,0,47.0,0,0,1,0,0,Thunderstorm with rain,+86°,+82°
2021-08-15,1430620.0,0,1,0,15.0,76.0,13,0,0,0,0,42.0,0,0,1,0,0,Few clouds,+82°,+73°
2021-08-16,2287627.0,0,1,0,8.0,40.0,5,0,0,0,0,20.0,0,0,0,0,0,Overcast clouds,+81°,+72°
2021-08-17,2427611.0,0,1,0,10.0,61.0,12,0,0,0,0,29.0,0,0,0,1,0,Overcast clouds,+75°,+73°
2021-08-18,2445638.0,1,1,0,14.0,67.0,6,0,0,0,0,41.0,0,0,0,1,0,Broken clouds,+81°,+73°
2021-08-19,2439624.0,0,1,0,11.0,81.0,12,0,0,0,0,49.0,1,1,0,1,0,Overcast clouds,+84°,+77°
2021-08-20,2456334.0,1,1,0,17.0,113.0,15,1,0,0,0,44.0,1,0,0,1,0,Drizzle,+81°,+77°
2021-08-21,1715030.0,0,1,0,21.0,124.0,15,1,0,0,0,65.0,0,0,1,1,0,Broken clouds,+82°,+75°
2021-08-22,745240.0,1,1,0,10.0,80.0,13,0,0,1,1,45.0,0,0,0,1,0,Heavy intensity rain,+73°,+75°
2021-08-23,2052669.0,0,1,0,5.0,34.0,4,0,0,0,0,22.0,0,0,0,0,0,Heavy rain in places,+79°,+72°
2021-08-24,2462365.0,0,1,0,0.0,50.0,7,0,0,1,0,29.0,0,0,0,0,0,Clear sky,+88°,+75°
2021-08-25,2498255.0,1,1,0,12.0,72.0,5,0,0,1,0,40.0,0,0,0,0,0,Partly cloudy,+90°,+77°
2021-08-26,2480137.0,0,1,0,10.0,89.0,0,0,1,0,0,20.0,0,0,0,0,0,Clear sky,+90°,+81°
2021-08-27,2388210.0,1,1,0,23.0,141.0,0,0,0,0,0,48.0,0,0,0,0,0,Few clouds,+90°,+81°
2021-08-28,1659434.0,0,1,0,28.0,169.0,0,1,1,0,0,62.0,0,0,1,0,0,Drizzle,+73°,+77°
2021-08-29,1398566.0,0,1,0,14.0,104.0,0,0,1,0,0,51.0,0,0,0,0,0,Overcast clouds,+75°,+70°
2021-08-30,2321000.0,0,1,0,8.0,55.0,0,0,0,0,0,28.0,0,0,0,0,0,Partly cloudy,+82°,+75°
2021-08-31,2532584.0,0,1,0,9.0,61.0,0,0,0,0,0,33.0,0,0,0,0,0,Broken clouds,+84°,+77°
2021-09-01,2294448.0,0,1,0,14.0,81.0,6,0,0,0,0,39.0,0,0,1,0,0,Heavy intensity rain,+70°,+75°
2021-09-02,1661558.0,0,1,0,14.0,94.0,7,0,0,0,0,17.0,0,0,1,0,0,Clear sky,+75°,+64°
2021-09-03,2390392.0,0,1,0,20.0,134.0,11,0,0,1,0,45.0,0,0,1,1,0,Overcast clouds,+72°,+64°
2021-09-04,1777639.0,0,1,0,30.0,148.0,0,0,1,0,0,44.0,0,1,1,1,0,Partly cloudy,+77°,+64°
2021-09-05,1415352.0,0,1,0,15.0,95.0,0,0,0,0,0,36.0,0,0,0,1,0,Drizzle,+73°,+68°
2021-09-06,1521388.0,0,1,0,8.0,39.0,0,0,0,0,0,16.0,0,0,1,1,1,Clear sky,+81°,+72°
2021-09-07,2233674.0,0,1,0,10.0,51.0,4,0,0,0,0,28.0,0,1,0,1,0,Clear sky,+79°,+70°
2021-09-08,2529619.0,0,1,0,15.0,87.0,1,0,0,0,0,31.0,0,0,0,1,0,Light intensity shower rain,+79°,+72°
2021-09-09,2702713.0,0,1,0,8.0,118.0,10,0,0,0,0,36.0,0,1,1,1,0,Heavy intensity rain,+72°,+73°
2021-09-10,2840443.0,0,1,0,13.0,135.0,11,1,0,1,0,56.0,0,0,1,0,0,Clear sky,+73°,+68°
2021-09-11,1983091.0,0,1,0,9.0,135.0,13,1,0,0,0,49.0,0,0,1,0,0,Broken clouds,+75°,+64°
2021-09-12,1589976.0,1,1,0,6.0,91.0,9,0,0,1,1,37.0,0,0,0,0,0,Few clouds,+82°,+70°
2021-09-13,2852796.0,0,1,0,0.0,56.0,8,0,0,0,0,30.0,0,0,0,1,0,Broken clouds,+82°,+77°
2021-09-14,3011275.0,0,1,0,6.0,69.0,6,0,1,0,0,49.0,0,0,0,0,0,Partly cloudy,+77°,+73°
2021-09-15,2987334.0,0,1,0,9.0,73.0,7,0,0,0,0,26.0,0,1,0,0,0,Few clouds,+84°,+73°
2021-09-16,2534545.0,0,1,0,6.0,94.0,6,0,0,1,0,16.0,0,0,1,0,0,Overcast clouds,+73°,+72°
2021-09-17,3028545.0,1,1,0,0.0,136.0,11,0,0,0,0,30.0,1,0,1,1,0,Overcast clouds,+73°,+70°
2021-09-18,2014848.0,0,1,0,12.0,144.0,14,0,0,0,0,50.0,1,1,1,1,0,Few clouds,+81°,+72°
2021-09-19,1596823.0,1,1,0,7.0,106.0,12,0,0,0,1,52.0,0,0,0,1,0,Clear sky,+75°,+72°
2021-09-20,2883211.0,0,1,0,4.0,55.0,6,0,0,0,0,23.0,0,0,0,1,0,Broken clouds,+73°,+64°
2021-09-21,3018312.0,0,1,0,9.0,63.0,13,0,0,0,0,29.0,0,0,1,1,0,Broken clouds,+73°,+66°
2021-09-22,3021113.0,0,1,0,8.0,78.0,5,0,0,1,0,34.0,1,1,1,1,0,Few clouds,+77°,+72°
2021-09-23,3016106.0,0,1,0,8.0,98.0,8,1,0,0,0,32.0,1,1,1,0,0,Light rain,+77°,+75°
2021-09-24,3121747.0,1,1,0,13.0,120.0,8,0,0,0,0,0.0,1,1,1,0,0,Clear sky,+73°,+66°
2021-09-25,2129492.0,0,1,0,8.0,139.0,12,0,1,0,0,0.0,1,1,1,0,0,Clear sky,+75°,+63°
2021-09-26,1614677.0,0,1,0,5.0,100.0,8,0,1,1,1,0.0,0,1,1,0,0,Partly cloudy,+72°,+64°
2021-09-27,2873368.0,0,1,0,5.0,55.0,7,0,0,0,0,4.0,0,0,0,0,0,Clear sky,+79°,+63°
2021-09-28,2927715.0,0,1,0,5.0,75.0,11,0,0,1,0,44.0,0,0,1,0,0,Heavy rain in places,+72°,+70°
2021-09-29,3063720.0,0,1,0,9.0,77.0,4,0,0,0,0,13.0,0,0,1,0,0,Overcast clouds,+66°,+59°
2021-09-30,3146861.0,0,1,0,6.0,105.0,12,0,0,0,0,32.0,1,1,1,0,0,Broken clouds,+64°,+61°
2021-10-01,3162881.0,0,1,0,2.0,129.0,17,0,0,1,0,64.0,0,0,1,1,0,Clear sky,+66°,+57°
2021-10-02,2063660.0,1,1,0,5.0,149.0,1,1,0,1,0,52.0,1,1,1,1,0,Partly cloudy,+73°,+57°
2021-10-03,1575738.0,0,1,0,6.0,103.0,0,0,0,1,1,40.0,1,0,0,1,0,Few clouds,+75°,+64°
2021-10-04,2864349.0,0,0,0,4.0,59.0,10,0,0,1,0,30.0,0,0,0,0,0,Light intensity drizzle,+68°,+70°
2021-10-05,3091160.0,0,1,0,4.0,74.0,10,0,0,1,0,46.0,0,1,1,0,0,Overcast clouds,+64°,+63°
2021-10-06,3140986.0,0,1,0,7.0,97.0,9,0,0,1,0,42.0,0,1,1,0,0,Overcast clouds,+68°,+63°
2021-10-07,3190747.0,1,1,0,3.0,109.0,4,0,0,0,0,37.0,0,1,1,0,0,Broken clouds,+70°,+64°
2021-10-08,3168473.0,1,1,0,10.0,124.0,0,0,1,1,0,50.0,1,1,0,0,0,Partly cloudy,+73°,+64°
2021-10-09,2052699.0,1,1,0,6.0,139.0,12,0,0,0,1,65.0,1,1,1,0,0,Broken clouds,+66°,+64°
2021-10-10,1499385.0,0,1,0,4.0,100.0,11,0,0,0,0,38.0,1,0,1,0,0,Drizzle,+63°,+63°
2021-10-11,2263615.0,0,1,0,7.0,64.0,12,0,0,0,0,39.0,1,0,1,0,1,Broken clouds,+70°,+63°
2021-10-12,3102879.0,0,1,0,5.0,67.0,11,0,0,0,0,43.0,1,0,1,0,0,Overcast clouds,+70°,+63°
2021-10-13,3157457.0,0,1,0,5.0,0.0,12,0,1,1,0,18.0,1,0,0,0,0,Overcast clouds,+70°,+63°
2021-10-14,3240686.0,1,1,0,5.0,129.0,3,0,0,1,0,32.0,0,0,1,0,0,Partly cloudy,+75°,+66°
2021-10-15,3227068.0,0,1,0,13.0,155.0,1,0,0,1,0,59.0,0,1,0,0,0,Broken clouds,+75°,+64°
2021-10-16,2042027.0,1,1,0,7.0,162.0,16,0,0,1,0,65.0,0,1,1,0,0,Broken clouds,+73°,+68°
2021-10-17,1629991.0,1,1,0,9.0,102.0,15,0,0,1,1,25.0,0,1,1,0,0,Few clouds,+63°,+57°
2021-10-18,2982883.0,0,1,1,4.0,63.0,10,0,0,0,0,36.0,0,0,1,0,0,Few clouds,+59°,+54°
2021-10-19,3178208.0,0,1,1,5.0,74.0,11,0,0,0,0,48.0,0,0,0,0,0,Clear sky,+64°,+50°
2021-10-20,3234327.0,0,1,1,7.0,93.0,8,0,0,1,0,36.0,0,0,0,0,0,Clear sky,+73°,+59°
2021-10-21,3267697.0,0,1,1,9.0,117.0,10,0,0,0,0,33.0,0,0,1,0,0,Few clouds,+72°,+63°
2021-10-22,3225816.0,0,1,1,11.0,158.0,21,0,0,1,0,64.0,0,0,1,0,0,Broken clouds,+66°,+64°
2021-10-23,2077488.0,0,1,1,11.0,159.0,22,0,0,1,0,63.0,0,1,1,0,0,Overcast clouds,+57°,+55°
2021-10-24,1599927.0,1,1,0,3.0,107.0,24,0,0,1,1,37.0,0,1,1,0,0,Broken clouds,+57°,+52°
2021-10-25,2994936.0,1,1,0,6.0,68.0,8,0,0,1,0,38.0,0,0,1,0,0,Broken clouds,+72°,+59°
2021-10-26,2702635.0,0,1,0,8.0,91.0,13,0,1,1,0,51.0,0,1,1,0,0,Drizzle,+61°,+61°
2021-10-27,3300580.0,1,1,0,7.0,99.0,2,0,0,0,0,28.0,0,0,1,0,0,Broken clouds,+59°,+54°
2021-10-28,3365971.0,1,1,1,7.0,117.0,5,0,0,0,0,69.0,0,0,1,0,0,Overcast clouds,+55°,+52°
2021-10-29,3251779.0,1,1,1,10.0,170.0,5,1,0,1,0,0.0,0,1,1,0,0,Overcast clouds,+54°,+52°
2021-10-30,2044310.0,1,1,0,9.0,157.0,24,0,0,1,0,47.0,0,0,1,0,0,Few clouds,+63°,+54°
2021-10-31,1746769.0,1,1,0,3.0,136.0,24,0,0,1,1,60.0,0,1,1,0,0,Broken clouds,+63°,+55°
2021-11-01,3034306.0,0,1,0,5.0,56.0,12,0,0,1,0,29.0,0,0,0,0,0,Clear sky,+57°,+55°
2021-11-02,2848222.0,0,1,0,6.0,69.0,22,0,0,0,0,36.0,0,0,1,0,1,Overcast clouds,+52°,+48°
2021-11-03,3293732.0,1,1,0,9.0,97.0,11,0,0,0,0,47.0,0,0,1,0,0,Clear sky,+50°,+45°
2021-11-04,3284315.0,0,1,0,10.0,123.0,5,0,0,0,0,59.0,0,1,1,0,0,Broken clouds,+48°,+41°
2021-11-05,3293438.0,1,1,1,12.0,137.0,2,0,0,1,0,9.0,1,1,1,0,0,Clear sky,+50°,+43°
2021-11-06,2195864.0,1,1,1,7.0,151.0,18,0,0,1,0,59.0,0,1,1,0,0,Clear sky,+50°,+41°
2021-11-07,1888985.0,0,1,0,7.0,119.0,25,0,1,1,1,16.0,0,0,1,0,0,Broken clouds,+54°,+43°
2021-11-08,3065533.0,0,1,1,9.0,62.0,10,0,0,1,0,32.0,0,0,1,0,0,Clear sky,+61°,+46°
2021-11-09,3279457.0,0,1,1,9.0,77.0,9,0,1,0,0,48.0,0,0,1,0,0,Clear sky,+66°,+52°
2021-11-10,3351992.0,1,1,1,9.0,98.0,16,0,0,1,0,50.0,0,1,1,0,0,Clear sky,+64°,+55°
2021-11-11,2922235.0,1,1,1,13.0,115.0,1,0,0,0,0,40.0,0,0,0,0,1,Broken clouds,+57°,+48°
2021-11-12,3158682.0,1,1,1,13.0,151.0,5,0,0,1,0,77.0,0,1,1,0,0,Moderate rain,+61°,+59°
2021-11-13,2169863.0,1,1,1,16.0,165.0,0,0,0,1,0,83.0,0,1,1,0,0,Overcast clouds,+59°,+52°
2021-11-14,1703136.0,1,1,0,7.0,120.0,25,0,1,1,1,50.0,0,1,1,0,0,Overcast clouds,+48°,+41°
2021-11-15,3110969.0,0,0,1,4.0,57.0,11,0,0,1,0,25.0,0,1,1,0,0,Overcast clouds,+46°,+43°
2021-11-16,3340844.0,1,1,0,5.0,92.0,25,0,0,1,0,46.0,0,1,1,0,0,Partly cloudy,+48°,+41°
2021-11-17,3369069.0,1,1,1,10.0,92.0,9,0,0,1,0,48.0,0,0,0,0,0,Overcast clouds,+54°,+39°
2021-11-18,3412249.0,1,1,1,5.0,111.0,0,0,0,0,0,42.0,0,1,1,0,0,Few clouds,+64°,+55°
2021-11-19,3316999.0,1,1,1,4.0,135.0,1,0,0,1,0,63.0,0,0,1,0,0,Clear sky,+48°,+48°
2021-11-20,2135731.0,0,1,0,6.0,154.0,18,0,0,1,0,69.0,0,1,1,0,0,Broken clouds,+46°,+37°
2021-11-21,1674206.0,1,1,1,6.0,109.0,13,0,0,1,1,55.0,0,1,0,0,0,Partly cloudy,+54°,+45°
2021-11-22,3130363.0,1,1,0,4.0,53.0,9,0,0,0,0,25.0,0,1,0,0,0,Overcast clouds,+50°,+54°
2021-11-23,3286591.0,0,1,0,3.0,81.0,25,0,0,1,0,38.0,0,0,1,0,0,Few clouds,+41°,+36°
2021-11-24,3085289.0,1,1,0,6.0,95.0,17,0,0,0,0,50.0,0,1,0,0,0,Clear sky,+45°,+34°
2021-11-25,1357198.0,0,1,0,1.0,18.0,4,0,0,0,0,3.0,0,0,0,0,1,Broken clouds,+52°,+41°
2021-11-26,2089772.0,1,1,0,10.0,107.0,14,0,1,1,0,55.0,0,1,1,0,0,Light rain,+43°,+46°
2021-11-27,1880422.0,1,1,0,2.0,131.0,21,0,1,1,0,41.0,0,1,1,0,0,Clear sky,+41°,+36°
2021-11-28,1465745.0,0,1,0,3.0,83.0,16,0,0,1,1,34.0,0,0,1,0,0,Broken clouds,+39°,+36°
2021-11-29,2996015.0,0,1,0,3.0,52.0,14,0,0,1,0,25.0,0,0,1,0,0,Few clouds,+41°,+39°
2021-11-30,3207209.0,1,1,1,6.0,87.0,28,0,0,1,0,40.0,0,1,1,0,0,Overcast clouds,+39°,+32°
2021-12-01,3326469.0,0,1,1,8.0,72.0,3,0,0,1,0,35.0,0,1,1,0,0,Broken clouds,+48°,+39°
2021-12-02,3358843.0,0,1,1,8.0,100.0,2,0,0,1,0,58.0,0,1,1,0,0,Overcast clouds,+55°,+45°
2021-12-03,3374097.0,1,1,0,12.0,119.0,2,0,0,1,0,52.0,0,0,1,0,0,Broken clouds,+46°,+48°
2021-12-04,2318147.0,1,1,1,13.0,151.0,11,0,0,1,0,61.0,0,1,1,0,0,Few clouds,+48°,+37°
2021-12-05,1737352.0,0,1,1,8.0,118.0,15,0,0,1,1,60.0,0,0,1,0,0,Partly cloudy,+46°,+39°
2021-12-06,3135869.0,0,1,1,7.0,59.0,6,0,0,1,0,35.0,0,0,1,0,0,Partly cloudy,+59°,+50°
2021-12-07,3367790.0,0,1,0,8.0,81.0,18,0,0,0,0,43.0,0,0,1,0,0,Overcast clouds,+43°,+43°
2021-12-08,3378727.0,0,1,1,10.0,86.0,8,0,0,1,0,52.0,0,0,1,0,0,Drizzle,+39°,+37°
2021-12-09,3433600.0,0,1,1,6.0,104.0,2,0,0,0,0,57.0,0,1,1,0,0,Broken clouds,+39°,+34°
2021-12-10,3417451.0,0,1,1,10.0,123.0,1,0,1,1,0,21.0,0,1,1,0,0,Broken clouds,+48°,+37°
2021-12-11,2266265.0,1,1,1,13.0,154.0,10,0,1,1,0,76.0,0,1,1,0,0,Overcast clouds,+59°,+46°
2021-12-12,1829872.0,1,1,0,9.0,110.0,24,0,0,1,1,47.0,0,0,0,0,0,Clear sky,+48°,+50°
2021-12-13,3120850.0,0,1,0,4.0,53.0,6,0,0,0,0,32.0,0,0,0,0,0,Clear sky,+52°,+41°
2021-12-14,3274170.0,1,1,1,8.0,66.0,7,0,0,1,0,40.0,0,0,1,0,0,Few clouds,+52°,+45°
2021-12-15,3242168.0,0,1,1,10.0,81.0,3,0,0,1,0,48.0,0,0,1,0,0,Broken clouds,+50°,+41°
2021-12-16,3219799.0,1,1,0,10.0,97.0,3,0,0,1,0,34.0,0,0,1,0,0,Broken clouds,+61°,+55°
2021-12-17,3112088.0,1,1,1,9.0,117.0,1,0,0,1,0,53.0,0,1,1,0,0,Broken clouds,+59°,+59°
2021-12-18,1880969.0,1,1,0,11.0,126.0,15,0,1,0,0,61.0,0,1,1,0,0,Drizzle,+41°,+46°
2021-12-19,1579809.0,1,1,0,9.0,102.0,15,0,1,0,1,43.0,0,0,0,0,0,Broken clouds,+41°,+46°
2021-12-20,2716451.0,0,1,1,3.0,54.0,3,0,0,1,0,27.0,0,0,0,0,0,Clear sky,+37°,+30°
2021-12-21,2697325.0,0,1,0,4.0,42.0,11,0,0,1,0,18.0,0,0,0,0,0,Broken clouds,+43°,+34°
2021-12-22,2634565.0,0,1,0,9.0,66.0,10,0,0,1,0,31.0,0,0,0,0,0,Clear sky,+46°,+41°
2021-12-23,2486489.0,0,1,1,12.0,59.0,9,0,0,1,0,23.0,0,0,0,0,0,Broken clouds,+36°,+32°
2021-12-24,1575449.0,0,1,1,15.0,47.0,11,0,0,0,0,15.0,0,0,0,0,1,Clear sky,+41°,+34°
2021-12-25,810937.0,0,1,0,7.0,34.0,10,0,0,1,0,9.0,0,0,0,0,1,Light intensity drizzle,+45°,+39°
2021-12-26,1284738.0,0,1,0,11.0,55.0,12,0,1,1,1,14.0,0,0,0,0,0,Few clouds,+46°,+48°
2021-12-27,2007649.0,0,1,1,12.0,54.0,0,0,0,1,0,22.0,0,0,1,0,0,Snow,+36°,+39°
2021-12-28,2168419.0,0,1,0,11.0,49.0,14,0,0,0,0,18.0,0,0,0,0,0,Overcast clouds,+50°,+39°
2021-12-29,2167077.0,0,1,1,14.0,66.0,14,0,0,0,0,27.0,0,0,0,1,0,Overcast clouds,+45°,+41°
2021-12-30,2198415.0,1,1,0,12.0,66.0,2,0,0,0,0,24.0,0,1,0,0,0,Broken clouds,+46°,+45°
2021-12-31,1627589.0,0,1,0,6.0,124.0,8,0,1,0,0,7.0,0,1,0,0,1,Overcast clouds,+52°,+48°
2022-01-01,1027918.0,1,1,0,8.0,33.0,8,0,0,0,0,11.0,0,0,0,0,1,Heavy intensity rain,+54°,+50°
2022-01-02,1219735.0,0,1,0,3.0,21.0,6,0,0,1,1,7.0,0,0,0,0,0,Overcast clouds,+55°,+52°
2022-01-03,2168229.0,1,1,0,1.0,13.0,4,0,0,1,0,6.0,0,0,0,0,0,Snow,+28°,+37°
2022-01-04,2289352.0,0,1,0,1.0,19.0,6,0,0,1,0,9.0,0,0,0,0,0,Few clouds,+34°,+25°
2022-01-05,2267942.0,0,1,0,6.0,31.0,5,0,0,0,0,17.0,0,0,0,0,0,Heavy rain in places,+41°,+34°
2022-01-06,2391176.0,0,1,1,4.0,44.0,1,0,0,1,0,27.0,0,0,0,0,0,Partly cloudy,+41°,+41°
2022-01-07,2121941.0,1,1,1,2.0,57.0,1,0,0,1,0,35.0,0,0,0,0,0,Clear sky,+34°,+32°
2022-01-08,1486065.0,0,1,1,8.0,69.0,20,0,0,1,0,30.0,0,0,1,0,0,Clear sky,+30°,+25°
2022-01-09,1102472.0,1,1,1,8.0,53.0,16,0,0,0,1,18.0,0,0,0,0,0,Drizzle,+37°,+28°
2022-01-10,2347323.0,0,1,0,3.0,35.0,7,0,1,1,0,24.0,0,0,0,0,0,Clear sky,+30°,+37°
2022-01-11,2266378.0,0,1,1,5.0,35.0,11,0,0,0,0,17.0,0,0,0,0,0,Clear sky,+19°,+23°
2022-01-12,2459224.0,0,1,1,5.0,43.0,5,0,0,1,0,28.0,0,0,1,0,0,Partly cloudy,+37°,+21°
2022-01-13,2524197.0,1,1,1,7.0,58.0,0,0,0,0,0,35.0,0,0,1,0,0,Broken clouds,+45°,+34°
2022-01-14,2522972.0,0,1,0,4.0,68.0,2,0,0,1,0,13.0,0,1,1,0,0,Broken clouds,+41°,+37°
2022-01-15,1434676.0,1,1,0,10.0,63.0,12,0,0,1,0,30.0,0,1,0,0,0,Overcast clouds,+19°,+21°
2022-01-16,1165626.0,0,1,0,7.0,58.0,4,0,1,0,0,30.0,0,0,0,0,0,Overcast clouds,+25°,+16°
2022-01-17,1600048.0,0,1,0,4.0,36.0,7,0,0,1,0,19.0,0,0,0,0,1,Overcast clouds,+37°,+37°
2022-01-18,2541044.0,0,1,1,6.0,44.0,12,0,0,1,0,23.0,0,0,1,0,0,Few clouds,+36°,+32°
2022-01-19,2642129.0,1,1,1,7.0,51.0,7,0,0,1,0,31.0,0,0,1,0,0,Broken clouds,+45°,+28°
2022-01-20,2545486.0,1,1,1,6.0,57.0,1,0,0,1,0,33.0,1,0,0,0,0,Snow,+34°,+43°
2022-01-21,2565781.0,1,1,0,10.0,81.0,2,0,0,1,0,49.0,1,0,1,0,0,Broken clouds,+23°,+21°
2022-01-22,1583650.0,1,1,1,20.0,89.0,15,0,0,1,0,47.0,0,0,1,0,0,Clear sky,+28°,+19°
2022-01-23,1245716.0,1,1,0,9.0,58.0,14,0,0,1,0,29.0,0,0,0,0,0,Broken clouds,+34°,+27°
2022-01-24,2536827.0,0,1,1,5.0,34.0,8,0,0,1,0,7.0,0,0,1,0,0,Overcast clouds,+30°,+30°
2022-01-25,2701246.0,1,1,0,7.0,43.0,14,0,0,0,0,19.0,0,1,1,0,0,Broken clouds,+43°,+36°
2022-01-26,2711803.0,1,1,0,7.0,45.0,8,0,0,0,0,22.0,0,0,1,0,0,Clear sky,+27°,+27°
2022-01-27,2724979.0,0,1,1,5.0,68.0,2,0,0,0,0,43.0,1,1,1,0,0,Clear sky,+30°,+21°
2022-01-28,2703403.0,0,1,1,7.0,76.0,0,0,0,1,0,42.0,1,1,1,0,0,Cloudy and light snow,+32°,+30°
2022-01-29,999347.0,0,1,0,11.0,80.0,12,0,0,1,0,45.0,1,1,1,0,0,Heavy snow,+18°,+27°
2022-01-30,1262477.0,0,1,0,3.0,41.0,12,0,0,1,0,20.0,0,0,0,0,0,Clear sky,+23°,+14°
2022-01-31,2575762.0,0,0,1,4.0,24.0,7,0,0,1,0,11.0,0,0,0,0,0,Overcast clouds,+28°,+18°
2022-02-01,2635083.0,0,1,1,5.0,38.0,7,0,0,1,0,20.0,0,0,0,0,0,Partly cloudy,+34°,+21°
2022-02-02,2940152.0,0,1,0,5.0,51.0,16,0,0,1,0,22.0,0,0,0,0,0,Overcast clouds,+41°,+34°
2022-02-03,2914198.0,0,1,1,7.0,62.0,2,0,0,0,0,13.0,0,0,1,0,0,Heavy intensity rain,+45°,+43°
2022-02-04,2725725.0,0,1,1,2.0,81.0,1,0,0,0,0,48.0,0,0,0,0,0,Shower sleet,+34°,+50°
2022-02-05,1792780.0,0,1,1,4.0,101.0,25,0,1,1,0,50.0,1,1,1,0,0,Clear sky,+30°,+28°
2022-02-06,1323892.0,0,1,1,6.0,75.0,22,0,0,0,0,39.0,0,0,0,0,0,Broken clouds,+28°,+21°
2022-02-07,2784230.0,0,1,1,4.0,33.0,8,0,0,0,0,19.0,0,0,0,0,0,Drizzle,+36°,+32°
2022-02-08,3016648.0,1,1,1,5.0,46.0,10,0,0,1,0,26.0,0,1,1,0,0,Few clouds,+45°,+36°
2022-02-09,3088775.0,0,1,0,9.0,38.0,2,0,0,0,0,22.0,0,0,1,0,0,Clear sky,+43°,+34°
2022-02-10,3112489.0,1,1,1,8.0,85.0,2,0,0,0,0,42.0,0,0,1,0,0,Few clouds,+50°,+39°
2022-02-11,3015472.0,0,1,1,7.0,81.0,1,0,1,1,0,42.0,1,1,1,0,1,Clear sky,+54°,+36°
2022-02-12,2026308.0,0,1,1,11.0,107.0,14,0,1,1,0,63.0,1,1,1,0,1,Overcast clouds,+57°,+50°
2022-02-13,1349864.0,0,1,1,6.0,58.0,12,0,1,1,0,26.0,0,0,0,0,0,Snow,+32°,+41°
2022-02-14,2907825.0,1,1,0,3.0,48.0,7,0,0,1,0,30.0,0,0,1,0,0,Few clouds,+25°,+25°
2022-02-15,3030742.0,1,1,0,5.0,43.0,9,0,0,1,0,26.0,0,0,0,0,0,Clear sky,+30°,+19°
2022-02-16,3100639.0,0,1,1,5.0,53.0,8,0,0,1,0,34.0,0,1,1,0,0,Broken clouds,+43°,+28°
2022-02-17,3109956.0,1,1,1,10.0,78.0,2,0,0,1,0,44.0,0,1,1,0,0,Overcast clouds,+59°,+48°
2022-02-18,2953785.0,0,1,0,11.0,105.0,1,0,0,1,0,62.0,0,1,1,0,0,Clear sky,+43°,+55°
2022-02-19,1792136.0,0,1,1,12.0,109.0,15,0,1,1,0,60.0,0,0,1,0,0,Overcast clouds,+37°,+30°
2022-02-20,1477125.0,1,1,1,10.0,78.0,13,0,0,1,0,41.0,1,0,1,0,0,Partly cloudy,+34°,+25°
2022-02-21,1942267.0,0,1,1,4.0,45.0,9,0,0,1,0,28.0,0,0,1,0,1,Broken clouds,+50°,+34°
2022-02-22,2669508.0,0,1,1,6.0,58.0,12,0,0,1,0,36.0,0,1,1,0,0,Overcast clouds,+54°,+45°
2022-02-23,2894245.0,0,1,1,8.0,64.0,11,0,0,1,0,0.0,0,0,1,0,0,Broken clouds,+66°,+59°
2022-02-24,2858146.0,1,1,1,13.0,105.0,1,0,1,1,0,48.0,1,0,1,0,0,Overcast clouds,+34°,+34°
2022-02-25,2575630.0,0,1,1,19.0,121.0,1,0,0,1,0,66.0,1,1,0,0,0,Light intensity drizzle,+37°,+32°
2022-02-26,1824833.0,1,1,0,24.0,134.0,15,0,1,1,0,25.0,1,1,1,0,0,Broken clouds,+34°,+27°
2022-02-27,1403227.0,0,1,1,12.0,91.0,14,0,1,1,0,52.0,1,0,1,0,0,Clear sky,+43°,+32°
2022-02-28,2915786.0,1,1,1,9.0,55.0,7,0,0,0,0,28.0,0,0,0,0,0,Clear sky,+32°,+34°
2022-03-01,3138181.0,1,1,0,6.0,65.0,13,0,0,1,0,40.0,0,0,0,0,0,Drizzle,+43°,+30°
2022-03-02,3208166.0,1,1,1,10.0,76.0,8,0,0,1,0,50.0,0,0,1,0,0,Clear sky,+48°,+45°
2022-03-03,3207495.0,1,1,1,11.0,90.0,1,0,0,0,0,45.0,0,1,1,0,0,Partly cloudy,+41°,+45°
2022-03-04,3077537.0,0,1,1,14.0,126.0,3,0,0,1,0,80.0,0,1,1,0,0,Few clouds,+34°,+25°
2022-03-05,1955535.0,0,1,1,22.0,135.0,16,0,1,1,0,71.0,0,1,1,0,0,Overcast clouds,+43°,+32°
2022-03-06,1444501.0,0,1,1,12.0,91.0,16,0,0,1,0,56.0,0,0,1,0,0,Heavy rain in places,+59°,+46°
2022-03-07,2980920.0,0,1,1,5.0,45.0,10,0,0,0,0,29.0,0,0,1,0,0,Broken clouds,+70°,+64°
2022-03-08,3244473.0,1,1,1,4.0,68.0,12,0,0,0,0,48.0,0,0,1,0,0,Broken clouds,+46°,+50°
2022-03-09,3113559.0,1,1,1,9.0,86.0,12,0,0,1,0,51.0,1,0,1,0,0,Shower sleet,+36°,+39°
2022-03-10,3339363.0,1,1,1,12.0,109.0,3,0,0,1,0,59.0,1,1,1,0,0,Overcast clouds,+48°,+34°
2022-03-11,3195956.0,1,1,1,9.0,131.0,2,0,0,1,0,81.0,0,1,1,0,0,Clear sky,+52°,+41°
2022-03-12,1663893.0,1,1,1,18.0,163.0,17,0,1,1,0,85.0,1,1,1,0,0,Heavy snow,+32°,+45°
2022-03-13,1479406.0,1,1,1,11.0,109.0,17,0,0,1,0,53.0,0,1,1,0,0,Few clouds,+36°,+25°
2022-03-14,3008800.0,1,1,1,7.0,55.0,12,0,0,1,0,33.0,0,0,1,0,0,Clear sky,+54°,+34°
2022-03-15,3275906.0,1,1,1,8.0,80.0,11,0,0,1,0,49.0,0,1,0,0,0,Broken clouds,+61°,+48°
2022-03-16,3332335.0,1,1,1,12.0,81.0,8,0,0,1,0,45.0,1,0,0,0,0,Clear sky,+63°,+54°
2022-03-17,3175784.0,0,1,1,17.0,117.0,2,0,1,1,0,59.0,0,1,1,0,0,Heavy intensity rain,+54°,+48°
2022-03-18,3275433.0,1,1,1,13.0,139.0,2,0,1,1,0,39.0,1,0,1,0,0,Clear sky,+70°,+55°
2022-03-19,2001839.0,1,1,1,24.0,156.0,14,0,1,0,0,82.0,0,0,1,0,0,Broken clouds,+64°,+52°
2022-03-20,1656673.0,1,1,1,8.0,103.0,12,0,1,1,0,58.0,0,0,1,0,0,Overcast clouds,+57°,+59°
2022-03-21,3034759.0,1,0,1,7.0,43.0,3,0,0,1,0,0.0,0,0,0,0,0,Clear sky,+61°,+46°
2022-03-22,3276940.0,0,1,1,12.0,83.0,13,0,0,1,0,53.0,0,1,1,0,0,Broken clouds,+55°,+50°
2022-03-23,3275708.0,0,1,1,16.0,89.0,8,0,0,0,0,46.0,0,1,1,0,0,Overcast clouds,+48°,+43°
2022-03-24,3212181.0,1,1,1,20.0,148.0,3,0,1,1,0,88.0,1,1,1,0,0,Overcast clouds,+52°,+43°
2022-03-25,3218970.0,1,1,1,18.0,163.0,2,0,1,1,0,37.0,1,1,1,0,0,Broken clouds,+61°,+46°
2022-03-26,2024596.0,0,1,1,33.0,233.0,43,0,1,0,0,98.0,1,1,1,0,0,Heavy intensity rain,+48°,+50°
2022-03-27,1534056.0,1,1,1,16.0,122.0,18,0,0,1,0,58.0,0,0,1,0,0,Overcast clouds,+45°,+43°
2022-03-28,2989874.0,0,0,1,12.0,80.0,12,0,0,1,0,28.0,0,0,1,0,0,Broken clouds,+30°,+28°
2022-03-29,3291883.0,1,1,1,19.0,103.0,15,0,0,1,0,56.0,1,0,1,0,0,Broken clouds,+37°,+25°
2022-03-30,3336073.0,1,1,1,18.0,114.0,16,0,0,1,0,51.0,0,1,1,0,0,Overcast clouds,+43°,+30°
2022-03-31,3323135.0,1,1,1,23.0,150.0,2,0,1,1,0,89.0,0,0,1,0,0,Overcast clouds,+63°,+45°
2022-04-01,3237107.0,0,1,1,30.0,194.0,2,0,0,1,0,41.0,1,1,1,0,0,Partly cloudy,+54°,+59°
2022-04-02,2128435.0,1,1,1,39.0,209.0,24,0,1,1,0,106.0,0,0,1,0,0,Few clouds,+50°,+41°
2022-04-03,1463932.0,1,1,1,18.0,129.0,21,0,1,1,0,72.0,0,0,1,0,0,Light intensity drizzle,+45°,+45°
2022-04-04,3127667.0,0,1,1,14.0,70.0,14,0,1,0,0,40.0,0,0,0,0,0,Overcast clouds,+52°,+41°
2022-04-05,3356454.0,1,1,1,15.0,94.0,11,0,1,0,0,55.0,0,0,0,0,0,Overcast clouds,+52°,+45°
2022-04-06,3311547.0,1,1,1,16.0,110.0,12,0,0,1,0,63.0,0,0,1,0,0,Light intensity drizzle,+50°,+46°
2022-04-07,3307076.0,0,1,1,22.0,145.0,2,0,1,1,0,79.0,1,0,1,1,0,Heavy intensity rain,+48°,+48°
2022-04-08,3347754.0,1,1,1,22.0,166.0,1,0,0,1,0,42.0,1,1,1,1,0,Clear sky,+61°,+52°
2022-04-09,2190396.0,1,1,1,29.0,189.0,18,0,1,1,0,99.0,1,0,1,1,0,Few clouds,+54°,+52°
2022-04-10,1707748.0,1,1,1,15.0,130.0,17,0,1,1,0,71.0,0,0,1,1,0,Broken clouds,+48°,+46°
2022-04-11,3205728.0,0,1,1,8.0,66.0,11,0,0,1,0,41.0,0,0,0,1,0,Broken clouds,+57°,+41°
2022-04-12,3078069.0,0,1,1,12.0,91.0,7,0,1,1,0,60.0,1,0,1,1,0,Few clouds,+66°,+52°
2022-04-13,3220964.0,0,1,1,12.0,104.0,17,0,0,0,0,57.0,0,0,1,1,0,Partly cloudy,+66°,+57°
2022-04-14,3297697.0,0,1,1,17.0,129.0,0,0,0,0,0,81.0,1,0,1,1,0,Broken clouds,+79°,+63°
2022-04-15,2761532.0,0,1,1,21.0,148.0,0,0,1,0,0,45.0,0,1,1,0,0,Clear sky,+66°,+57°
2022-04-16,1986306.0,0,1,1,36.0,176.0,25,0,1,1,0,83.0,1,0,1,0,0,Few clouds,+66°,+57°
2022-04-17,1512633.0,0,1,1,11.0,78.0,12,0,0,0,0,46.0,0,0,0,0,0,Partly cloudy,+48°,+46°
2022-04-18,2676254.0,0,1,1,13.0,72.0,12,0,0,0,0,38.0,1,0,1,0,0,Overcast clouds,+50°,+41°
2022-04-19,2962130.0,0,1,1,18.0,50.0,18,0,0,1,0,57.0,1,0,0,0,0,Few clouds,+52°,+43°
2022-04-20,3098046.0,0,1,1,33.0,180.0,16,0,0,1,0,80.0,0,1,1,0,0,Few clouds,+57°,+41°
2022-04-21,3033422.0,1,1,1,30.0,155.0,2,0,0,1,0,80.0,0,1,1,0,0,Overcast clouds,+57°,+48°
2022-04-22,2985684.0,0,1,1,37.0,205.0,5,0,0,1,0,53.0,0,1,0,1,0,Clear sky,+66°,+54°
2022-04-23,2109188.0,1,1,1,23.0,223.0,24,0,1,1,1,109.0,0,1,1,1,0,Broken clouds,+61°,+52°
2022-04-24,1655860.0,0,1,1,23.0,153.0,19,0,0,1,0,79.0,0,0,0,1,0,Few clouds,+61°,+54°
2022-04-25,3026541.0,1,1,1,13.0,66.0,11,0,0,0,0,38.0,0,0,0,0,0,Broken clouds,+59°,+48°
2022-04-26,3281657.0,0,1,1,16.0,101.0,16,0,0,1,0,59.0,1,0,1,1,0,Drizzle,+61°,+54°
2022-04-27,3432282.0,0,1,1,16.0,110.0,12,0,0,1,0,65.0,1,1,1,1,0,Broken clouds,+55°,+54°
2022-04-28,3404938.0,0,1,1,25.0,138.0,1,0,0,1,0,72.0,0,1,1,1,0,Clear sky,+54°,+41°
2022-04-29,3257634.0,1,1,1,41.0,197.0,3,0,0,1,0,35.0,0,1,1,0,0,Clear sky,+59°,+45°
2022-04-30,2108746.0,0,1,1,22.0,222.0,25,0,1,1,1,77.0,0,1,1,0,0,Clear sky,+63°,+48°
2022-05-01,1683953.0,0,1,1,17.0,136.0,21,0,0,0,0,77.0,0,1,1,0,0,Broken clouds,+66°,+50°
2022-05-02,2732825.0,0,1,1,8.0,74.0,13,0,0,0,0,47.0,0,0,1,0,0,Drizzle,+55°,+55°
2022-05-03,3402882.0,0,1,1,16.0,94.0,11,0,0,0,0,49.0,0,1,1,0,0,Overcast clouds,+63°,+52°
2022-05-04,3364902.0,0,1,1,16.0,116.0,7,0,0,0,0,70.0,0,1,1,0,0,Broken clouds,+61°,+52°
2022-05-05,3502522.0,0,1,1,19.0,131.0,0,0,0,0,0,66.0,0,0,1,0,0,Broken clouds,+70°,+59°
2022-05-06,3190556.0,1,1,1,20.0,180.0,1,0,1,1,0,75.0,0,1,1,1,0,Heavy intensity rain,+55°,+59°
2022-05-07,1842808.0,1,1,1,20.0,233.0,23,0,1,0,0,74.0,1,0,1,1,0,Heavy intensity rain,+48°,+50°
2022-05-08,1582133.0,0,1,1,19.0,138.0,15,0,0,0,0,80.0,1,1,0,1,0,Overcast clouds,+57°,+45°
2022-05-09,3114506.0,0,1,1,12.0,94.0,23,0,0,0,0,51.0,0,1,1,0,0,Clear sky,+66°,+48°
2022-05-10,3412902.0,0,1,1,14.0,100.0,8,0,0,0,0,55.0,0,1,1,1,0,Clear sky,+68°,+52°
2022-05-11,3440378.0,0,1,1,15.0,127.0,27,0,1,0,0,51.0,0,1,0,1,0,Overcast clouds,+70°,+55°
2022-05-12,3430104.0,0,1,1,25.0,153.0,0,0,1,0,0,71.0,0,1,1,0,0,Overcast clouds,+70°,+61°
2022-05-13,3252002.0,1,1,1,27.0,179.0,1,0,1,1,0,93.0,0,1,0,0,0,Drizzle,+70°,+61°
2022-05-14,2149046.0,0,1,1,17.0,203.0,23,1,1,1,0,101.0,0,1,1,0,0,Overcast clouds,+70°,+63°
2022-05-15,1760359.0,1,1,1,18.0,136.0,20,0,1,0,0,71.0,0,0,1,0,0,Few clouds,+77°,+61°
2022-05-16,3080043.0,0,0,1,15.0,72.0,5,0,0,0,0,41.0,0,0,0,0,0,Heavy rain in places,+72°,+66°
2022-05-17,3536021.0,1,1,1,15.0,113.0,14,0,0,1,0,50.0,0,0,1,0,0,Few clouds,+75°,+61°
2022-05-18,3605606.0,0,1,1,22.0,137.0,4,0,0,0,0,78.0,0,1,1,0,0,Broken clouds,+70°,+59°
2022-05-19,3467327.0,0,1,1,14.0,162.0,3,0,0,0,0,71.0,0,0,0,0,0,Overcast clouds,+64°,+59°
2022-05-20,3271914.0,1,1,1,53.0,268.0,0,0,0,1,0,79.0,0,0,1,1,0,Few clouds,+72°,+59°
2022-05-21,2324245.0,0,1,1,9.0,241.0,22,1,1,0,0,113.0,1,0,1,1,0,Clear sky,+88°,+64°
2022-05-22,1760638.0,1,1,1,19.0,159.0,13,0,0,0,0,89.0,0,1,1,1,0,Few clouds,+86°,+75°
2022-05-23,3111755.0,0,1,1,15.0,99.0,5,0,0,0,0,33.0,0,1,0,1,0,Broken clouds,+72°,+68°
2022-05-24,3378506.0,0,1,1,15.0,98.0,7,0,0,0,0,50.0,0,0,1,1,0,Overcast clouds,+64°,+63°
2022-05-25,3426530.0,0,1,1,15.0,119.0,9,0,0,0,0,52.0,1,0,1,1,0,Broken clouds,+66°,+55°
2022-05-26,3341059.0,0,1,1,26.0,130.0,3,0,0,1,0,46.0,0,0,1,0,0,Few clouds,+66°,+55°
2022-05-27,3031130.0,0,1,1,15.0,179.0,0,0,0,0,0,44.0,1,0,1,0,0,Drizzle,+75°,+64°
2022-05-28,1872775.0,1,1,1,5.0,250.0,19,0,1,1,0,66.0,0,0,0,0,0,Thunderstorm with rain,+70°,+64°
2022-05-29,1755236.0,0,1,1,29.0,183.0,3,0,0,0,1,77.0,0,0,1,0,0,Broken clouds,+73°,+64°
2022-05-30,1694970.0,0,1,1,12.0,0.0,1,0,0,0,0,26.0,0,0,0,0,1,Broken clouds,+84°,+64°
2022-05-31,3176109.0,0,1,1,16.0,78.0,4,0,0,0,0,40.0,0,0,0,1,0,Few clouds,+91°,+75°
2022-06-01,3381297.0,1,1,1,12.0,100.0,2,0,0,0,0,63.0,0,0,1,1,0,Broken clouds,+72°,+68°
2022-06-02,3351902.0,0,1,1,21.0,113.0,0,0,1,0,0,65.0,0,0,1,1,0,Light rain,+77°,+63°
2022-06-03,3283271.0,1,1,1,24.0,165.0,1,1,0,0,0,73.0,0,1,1,1,0,Broken clouds,+75°,+66°
2022-06-04,2178024.0,0,1,1,37.0,197.0,14,1,0,0,1,87.0,0,0,1,1,0,Few clouds,+79°,+66°
2022-06-05,1724983.0,1,1,1,15.0,110.0,0,0,0,0,1,24.0,0,0,0,1,0,Few clouds,+75°,+63°
2022-06-06,3092181.0,0,1,1,12.0,61.0,7,0,0,0,0,36.0,0,0,0,0,0,Clear sky,+79°,+64°
2022-06-07,3392224.0,1,1,1,16.0,101.0,5,0,0,0,0,50.0,0,1,1,0,0,Broken clouds,+75°,+66°
2022-06-08,3492805.0,0,1,1,15.0,121.0,4,0,0,0,0,69.0,0,1,1,0,0,Broken clouds,+81°,+68°
2022-06-09,3297157.0,0,1,1,26.0,134.0,0,0,0,0,0,75.0,0,0,1,0,0,Few clouds,+81°,+70°
2022-06-10,3376125.0,0,1,1,25.0,174.0,2,1,0,1,0,0.0,0,0,1,1,0,Partly cloudy,+77°,+64°
2022-06-11,2231451.0,1,1,1,39.0,195.0,5,1,1,0,0,0.0,0,0,1,1,0,Overcast clouds,+75°,+68°
2022-06-12,1674607.0,1,1,1,26.0,131.0,4,0,0,0,1,0.0,0,0,0,1,0,Heavy intensity rain,+70°,+66°
2022-06-13,3168681.0,0,1,1,12.0,67.0,4,0,0,1,0,40.0,0,0,1,0,0,Light intensity drizzle,+81°,+68°
2022-06-14,3494822.0,0,1,1,16.0,114.0,7,0,1,1,0,66.0,0,1,1,1,0,Broken clouds,+79°,+72°
2022-06-15,3526802.0,0,1,1,0.0,131.0,8,0,0,0,0,17.0,0,1,1,1,0,Few clouds,+79°,+72°
2022-06-16,3409624.0,1,1,1,26.0,209.0,1,1,0,0,1,45.0,0,1,0,1,0,Broken clouds,+70°,+68°
2022-06-17,3247379.0,1,1,1,11.0,241.0,2,1,0,0,0,81.0,1,1,1,0,0,Clear sky,+88°,+70°
2022-06-18,2186635.0,0,1,1,21.0,292.0,18,1,1,0,1,1.0,1,0,1,0,0,Broken clouds,+68°,+73°
2022-06-19,1725762.0,1,1,1,42.0,208.0,17,0,1,0,0,75.0,0,1,1,0,1,Partly cloudy,+70°,+59°
2022-06-20,2460659.0,0,1,1,19.0,129.0,16,0,0,0,0,56.0,0,0,0,0,1,Clear sky,+77°,+63°
2022-06-21,3339793.0,0,1,1,19.0,146.0,17,0,0,0,0,70.0,1,0,0,0,0,Overcast clouds,+75°,+66°
2022-06-22,3357113.0,0,1,1,23.0,166.0,17,0,0,0,0,65.0,0,0,1,0,0,Overcast clouds,+66°,+66°
2022-06-23,3407485.0,1,1,1,13.0,190.0,13,0,0,1,1,57.0,0,0,1,1,0,Broken clouds,+72°,+63°
2022-06-24,3296412.0,0,1,1,3.0,226.0,6,0,0,1,1,38.0,1,0,1,1,0,Light intensity shower rain,+79°,+64°
2022-06-25,2286963.0,0,1,1,20.0,298.0,11,1,1,1,1,84.0,1,0,1,1,0,Clear sky,+88°,+72°
2022-06-26,2011977.0,0,1,1,37.0,207.0,4,0,0,0,1,78.0,0,0,1,1,0,Broken clouds,+86°,+75°
2022-06-27,2932598.0,0,1,1,15.0,96.0,7,0,0,0,1,41.0,0,0,0,1,0,Thunderstorm with heavy rain,+77°,+73°
2022-06-28,3248338.0,0,1,1,16.0,129.0,14,0,0,1,1,63.0,0,0,1,1,0,Overcast clouds,+77°,+68°
2022-06-29,3249261.0,0,1,1,21.0,155.0,7,0,0,0,1,51.0,0,0,1,1,0,Few clouds,+82°,+68°
2022-06-30,3151572.0,1,1,1,42.0,179.0,1,0,0,1,1,39.0,1,0,1,0,0,Few clouds,+86°,+72°
2022-07-01,2827549.0,0,1,1,34.0,186.0,1,0,0,0,1,55.0,0,0,1,0,0,Broken clouds,+90°,+75°
2022-07-02,1847093.0,0,1,1,29.0,182.0,13,0,1,0,1,53.0,0,0,1,0,0,Thunderstorm with rain,+84°,+77°
2022-07-03,1654774.0,0,1,0,22.0,141.0,7,0,0,0,1,61.0,0,0,1,0,0,Clear sky,+84°,+73°
2022-07-04,1608084.0,0,1,0,7.0,62.0,3,0,0,0,1,21.0,0,0,0,0,1,Clear sky,+84°,+72°
2022-07-05,2802814.0,0,1,1,12.0,89.0,19,0,0,0,1,31.0,0,0,0,0,0,Overcast clouds,+82°,+73°
2022-07-06,3066462.0,0,1,1,19.0,143.0,10,0,0,0,1,55.0,0,0,0,0,0,Broken clouds,+88°,+73°
2022-07-07,3115604.0,0,1,1,21.0,152.0,2,0,0,0,1,60.0,0,1,1,0,0,Broken clouds,+79°,+73°
2022-07-08,2902322.0,0,1,1,27.0,187.0,2,0,0,0,1,60.0,0,0,1,0,0,Light rain,+82°,+70°
2022-07-09,2061419.0,0,1,1,13.0,230.0,12,0,1,0,1,66.0,1,0,1,0,0,Broken clouds,+82°,+75°
2022-07-10,1681041.0,0,1,1,34.0,168.0,8,0,0,0,1,67.0,0,0,0,0,0,Clear sky,+81°,+70°
2022-07-11,2876587.0,0,1,0,15.0,101.0,19,0,0,0,0,38.0,0,0,0,0,0,Clear sky,+82°,+70°
2022-07-12,3148320.0,1,1,1,19.0,119.0,14,0,0,0,0,52.0,0,0,0,1,0,Clear sky,+90°,+72°
2022-07-13,3229387.0,0,1,1,19.0,149.0,16,0,0,0,0,49.0,0,0,0,1,0,Broken clouds,+88°,+75°
2022-07-14,3203104.0,1,1,1,29.0,179.0,1,0,1,0,0,37.0,0,0,1,1,0,Broken clouds,+86°,+75°
2022-07-15,3021651.0,0,1,1,28.0,190.0,1,0,1,0,0,55.0,0,0,1,1,0,Few clouds,+82°,+75°
2022-07-16,2093206.0,0,1,1,11.0,228.0,4,1,1,0,1,72.0,0,0,1,1,0,Light rain,+81°,+73°
2022-07-17,1674922.0,0,1,1,31.0,174.0,2,0,1,0,0,74.0,0,0,0,1,0,Broken clouds,+81°,+73°
2022-07-18,2720012.0,0,1,1,16.0,79.0,4,0,0,0,0,35.0,0,0,1,0,0,Light rain,+81°,+77°
2022-07-19,3169016.0,0,1,1,19.0,110.0,2,0,1,0,0,51.0,0,0,0,0,0,Clear sky,+90°,+75°
2022-07-20,3190942.0,0,1,1,23.0,159.0,5,0,1,1,0,64.0,0,0,1,0,0,Clear sky,+91°,+79°
2022-07-21,3109097.0,0,1,1,26.0,170.0,1,0,0,0,0,72.0,1,0,1,0,0,Moderate rain,+88°,+81°
2022-07-22,2942752.0,0,1,1,30.0,199.0,3,0,0,1,0,65.0,1,0,1,0,0,Few clouds,+91°,+81°
2022-07-23,2028696.0,1,1,1,52.0,262.0,13,1,0,1,1,78.0,1,0,1,0,0,Clear sky,+93°,+81°
2022-07-24,1596195.0,0,1,0,33.0,165.0,8,0,0,0,1,71.0,0,0,1,0,0,Broken clouds,+93°,+82°
2022-07-25,2727722.0,1,1,0,14.0,98.0,13,0,0,1,0,46.0,0,0,1,0,0,Heavy intensity rain,+84°,+82°
2022-07-26,3175001.0,0,1,0,17.0,123.0,16,0,0,0,0,52.0,1,1,0,0,0,Broken clouds,+82°,+75°
2022-07-27,3232796.0,0,1,1,20.0,145.0,6,0,0,0,0,56.0,1,0,1,0,0,Few clouds,+82°,+73°
2022-07-28,3151913.0,0,1,1,31.0,182.0,4,0,0,0,0,39.0,1,0,1,1,0,Broken clouds,+86°,+77°
2022-07-29,2932846.0,0,1,1,32.0,196.0,1,0,0,0,0,40.0,1,0,1,1,0,Overcast clouds,+84°,+79°
2022-07-30,2074421.0,1,1,1,46.0,214.0,4,1,0,0,1,57.0,0,0,1,1,0,Broken clouds,+86°,+75°
2022-07-31,1649097.0,1,1,0,28.0,171.0,5,0,0,0,0,71.0,0,0,0,1,0,Broken clouds,+82°,+75°
2022-08-01,2739262.0,0,1,1,17.0,78.0,6,0,0,0,0,36.0,0,0,0,1,0,Broken clouds,+75°,+72°
2022-08-02,3070101.0,1,1,0,13.0,103.0,1,0,0,1,0,42.0,0,0,1,1,0,Clear sky,+88°,+73°
2022-08-03,3124038.0,1,1,0,24.0,149.0,6,0,0,1,1,52.0,0,0,0,1,0,Clear sky,+86°,+79°
2022-08-04,3049076.0,0,1,0,31.0,186.0,2,1,0,0,0,52.0,0,0,1,0,0,Clear sky,+90°,+77°
2022-08-05,2822155.0,1,1,0,29.0,176.0,2,0,0,0,1,66.0,0,1,1,0,0,Partly cloudy,+90°,+81°
2022-08-06,1999580.0,1,1,0,44.0,262.0,23,1,1,1,1,101.0,0,0,1,1,0,Moderate rain,+86°,+79°
2022-08-07,1542311.0,0,1,0,22.0,153.0,8,0,0,0,1,59.0,0,0,0,0,0,Few clouds,+90°,+79°
2022-08-08,2705428.0,1,1,0,15.0,97.0,16,0,0,1,0,42.0,0,0,0,0,0,Broken clouds,+90°,+82°
2022-08-09,3013784.0,1,1,0,15.0,108.0,3,0,0,1,0,31.0,1,0,1,0,0,Partly cloudy,+93°,+82°
2022-08-10,3134434.0,0,1,0,19.0,133.0,6,1,0,0,0,47.0,1,0,1,0,0,Partly cloudy,+84°,+81°
2022-08-11,3093548.0,0,1,0,27.0,177.0,4,0,0,1,1,36.0,1,0,0,0,0,Broken clouds,+86°,+77°
2022-08-12,2963913.0,0,1,0,30.0,188.0,3,0,1,1,0,57.0,1,0,1,0,0,Clear sky,+82°,+75°
2022-08-13,2089217.0,1,1,0,45.0,244.0,5,1,0,0,1,101.0,1,0,1,0,0,Clear sky,+79°,+70°
2022-08-14,1677803.0,1,1,0,31.0,169.0,5,0,0,1,0,61.0,0,0,0,0,0,Few clouds,+81°,+70°
2022-08-15,2768347.0,0,1,0,19.0,108.0,3,0,0,0,0,39.0,1,0,0,1,0,Partly cloudy,+81°,+70°
2022-08-16,3045892.0,1,1,0,15.0,112.0,3,0,0,0,0,49.0,1,0,0,1,0,Partly cloudy,+81°,+70°
2022-08-17,3074027.0,0,1,0,18.0,133.0,5,0,0,0,1,46.0,1,0,1,1,0,Few clouds,+77°,+70°
2022-08-18,3077928.0,0,1,0,28.0,177.0,2,1,0,1,0,48.0,1,0,1,1,0,Few clouds,+86°,+68°
2022-08-19,2918737.0,0,1,0,29.0,190.0,3,1,0,0,0,67.0,1,0,1,1,0,Few clouds,+88°,+72°
2022-08-20,2038622.0,0,1,0,64.0,255.0,23,0,1,1,1,1.0,1,0,1,1,0,Partly cloudy,+88°,+77°
2022-08-21,1619422.0,0,1,0,34.0,180.0,17,0,1,1,1,1.0,1,0,0,1,0,Broken clouds,+82°,+75°
2022-08-22,2622885.0,0,1,0,16.0,82.0,4,0,0,1,1,0.0,0,0,0,1,0,Moderate rain,+75°,+73°
2022-08-23,2992615.0,1,1,0,12.0,112.0,14,0,1,1,0,47.0,1,0,0,1,0,Clear sky,+82°,+73°
2022-08-24,3020710.0,0,1,0,21.0,132.0,4,0,0,1,0,49.0,0,0,0,0,0,Few clouds,+88°,+73°
2022-08-25,3090901.0,0,1,0,26.0,158.0,4,0,0,1,0,32.0,1,0,1,0,0,Clear sky,+90°,+75°
2022-08-26,2863653.0,0,1,0,28.0,181.0,3,1,0,1,0,53.0,0,0,1,0,0,Thunderstorm with rain,+84°,+77°
2022-08-27,2066542.0,0,1,1,58.0,246.0,18,0,0,1,1,73.0,1,1,1,1,0,Few clouds,+84°,+77°
2022-08-28,1651689.0,0,1,0,30.0,177.0,23,0,0,1,1,67.0,0,1,0,1,0,Few clouds,+81°,+75°
2022-08-29,2836374.0,0,1,0,16.0,85.0,13,0,0,0,0,40.0,0,0,0,0,0,Clear sky,+84°,+75°
2022-08-30,3091873.0,0,1,0,21.0,108.0,13,0,0,1,0,38.0,0,0,1,0,0,Few clouds,+86°,+77°
2022-08-31,3144027.0,0,1,0,24.0,129.0,15,0,0,1,0,25.0,0,1,0,0,0,Few clouds,+84°,+73°
2022-09-01,3114667.0,0,1,0,19.0,128.0,3,0,1,1,0,51.0,0,1,1,0,0,Clear sky,+84°,+73°
2022-09-02,2925306.0,0,1,0,28.0,159.0,1,0,0,1,0,44.0,0,0,1,0,0,Few clouds,+77°,+68°
2022-09-03,2116811.0,0,1,0,43.0,204.0,6,0,1,1,0,0.0,1,0,1,0,0,Clear sky,+79°,+68°
2022-09-04,1802349.0,0,1,0,14.0,145.0,4,0,1,0,0,0.0,0,1,0,0,0,Partly cloudy,+84°,+72°
2022-09-05,1691887.0,1,1,0,20.0,78.0,7,0,0,0,0,29.0,0,0,1,1,1,Drizzle,+81°,+75°
2022-09-06,3063503.0,0,1,0,15.0,88.0,3,0,1,0,1,39.0,0,0,0,1,0,Heavy intensity rain,+72°,+72°
2022-09-07,3444556.0,0,1,0,24.0,139.0,4,0,0,1,0,54.0,1,0,0,1,0,Drizzle,+72°,+66°
2022-09-08,3644407.0,0,1,0,30.0,159.0,1,0,0,1,0,56.0,1,0,1,1,0,Overcast clouds,+77°,+68°
2022-09-09,3481756.0,0,1,1,38.0,197.0,2,0,0,1,0,61.0,1,1,1,1,0,Clear sky,+81°,+66°
2022-09-10,2356865.0,1,1,0,48.0,251.0,8,1,1,1,1,67.0,1,1,1,1,0,Partly cloudy,+84°,+68°
2022-09-11,1737251.0,1,1,0,30.0,153.0,18,0,0,1,1,0.0,1,0,1,1,0,Light intensity drizzle,+73°,+72°
2022-09-12,3382150.0,1,1,0,20.0,117.0,31,0,0,1,0,45.0,1,0,1,0,0,Broken clouds,+79°,+68°
2022-09-13,3618354.0,0,1,0,24.0,118.0,11,0,0,1,0,47.0,1,0,1,0,0,Heavy rain in places,+79°,+72°
2022-09-14,3741978.0,0,1,0,22.0,145.0,10,0,0,1,0,58.0,0,1,1,0,0,Partly cloudy,+79°,+68°
2022-09-15,3747731.0,1,1,1,32.0,178.0,1,0,1,1,0,66.0,1,0,1,0,0,Clear sky,+73°,+70°
2022-09-16,3502358.0,0,1,1,31.0,225.0,3,0,1,1,0,63.0,1,1,1,0,0,Few clouds,+75°,+61°
2022-09-17,2350888.0,1,1,0,55.0,266.0,23,0,0,1,1,62.0,0,0,1,0,0,Few clouds,+73°,+66°
2022-09-18,1844317.0,0,1,0,33.0,195.0,33,0,0,1,1,0.0,1,0,0,0,0,Partly cloudy,+82°,+68°
2022-09-19,3369999.0,0,1,0,18.0,121.0,21,0,0,1,0,57.0,1,0,1,0,0,Broken clouds,+84°,+73°
2022-09-20,3767024.0,0,1,0,20.0,144.0,20,0,0,1,0,66.0,1,0,1,1,0,Broken clouds,+77°,+70°
2022-09-21,3878782.0,0,1,0,23.0,162.0,29,0,0,1,0,45.0,1,1,0,1,0,Clear sky,+79°,+68°
2022-09-22,3732919.0,0,1,0,28.0,186.0,2,0,1,0,0,44.0,1,0,1,1,0,Heavy intensity rain,+64°,+72°
2022-09-23,3626482.0,1,1,1,39.0,215.0,4,1,0,1,0,55.0,0,1,1,1,0,Clear sky,+63°,+57°
2022-09-24,2377091.0,1,1,1,46.0,245.0,16,0,1,0,1,71.0,1,0,1,1,0,Few clouds,+68°,+52°
2022-09-25,1759832.0,0,1,1,28.0,42.0,15,0,0,0,1,1.0,0,1,1,1,0,Broken clouds,+72°,+61°
2022-09-26,2812853.0,0,1,1,15.0,0.0,12,0,0,1,1,43.0,0,0,0,0,0,Clear sky,+73°,+63°
2022-09-27,3204114.0,0,1,0,23.0,0.0,4,0,0,1,0,59.0,1,1,1,0,0,Broken clouds,+64°,+64°
2022-09-28,3712354.0,0,1,1,21.0,0.0,5,0,0,1,0,57.0,1,0,1,0,0,Broken clouds,+63°,+63°
2022-10-01,2032983.0,0,1,1,46.0,236.0,1,1,1,1,1,61.0,0,1,1,1,0,Light intensity drizzle,+57°,+57°
2022-10-02,1621851.0,0,1,1,28.0,162.0,0,0,1,1,1,73.0,0,1,1,1,0,Heavy intensity rain,+55°,+55°
2022-10-03,3370048.0,1,1,1,21.0,104.0,0,0,1,1,0,52.0,1,0,1,0,0,Overcast clouds,+54°,+48°
2022-10-04,3397689.0,0,1,1,17.0,114.0,0,0,0,1,0,54.0,0,0,1,0,0,Light rain,+54°,+55°
2022-10-05,3077346.0,0,1,1,24.0,144.0,0,0,0,1,0,47.0,0,1,1,0,0,Light rain,+59°,+57°
2022-10-06,3848909.0,1,1,1,29.0,166.0,0,0,1,1,0,64.0,1,1,0,0,0,Clear sky,+73°,+63°
2022-10-07,3591080.0,1,1,1,35.0,215.0,0,0,1,1,0,79.0,1,1,1,1,0,Clear sky,+75°,+63°
2022-10-08,2397249.0,1,1,1,45.0,232.0,0,1,1,1,0,94.0,1,1,1,1,0,Partly cloudy,+59°,+50°
2022-10-09,1917721.0,0,1,1,30.0,173.0,0,1,1,1,1,81.0,1,0,1,1,0,Clear sky,+63°,+55°
2022-10-10,2556722.0,1,1,1,18.0,108.0,1,0,0,0,0,50.0,0,0,1,0,1,Clear sky,+68°,+59°
2022-10-11,3649405.0,0,1,1,20.0,120.0,0,0,0,1,0,60.0,0,1,1,1,0,Clear sky,+70°,+61°
2022-10-12,3776129.0,1,1,1,21.0,142.0,1,0,0,1,0,62.0,0,1,1,0,0,Partly cloudy,+70°,+61°
2022-10-13,3682799.0,0,1,1,26.0,167.0,1,0,0,1,0,69.0,0,1,1,1,0,Light rain,+66°,+66°
2022-10-14,3578772.0,0,1,1,25.0,185.0,1,0,1,1,0,74.0,0,1,1,0,0,Clear sky,+66°,+59°
2022-10-15,2363501.0,1,1,1,54.0,245.0,0,0,1,1,1,99.0,1,1,1,0,0,Clear sky,+68°,+61°
2022-10-16,1773903.0,0,1,1,33.0,186.0,0,0,0,0,1,89.0,1,1,1,0,0,Partly cloudy,+66°,+59°
2022-10-17,3314497.0,0,1,1,18.0,98.0,0,0,0,1,0,38.0,0,1,0,1,0,Broken clouds,+64°,+57°
2022-10-18,3693627.0,0,1,1,19.0,129.0,0,0,0,0,0,60.0,0,0,1,0,0,Few clouds,+57°,+48°
2022-10-19,3814404.0,1,1,1,27.0,156.0,1,0,0,1,0,47.0,0,1,1,0,0,Partly cloudy,+54°,+48°
2022-10-20,3810901.0,1,1,1,25.0,185.0,0,0,0,1,0,43.0,0,1,1,0,0,Clear sky,+59°,+52°
2022-10-21,3570334.0,1,1,1,25.0,216.0,1,1,1,1,0,72.0,0,1,1,0,0,Clear sky,+63°,+55°
2022-10-22,2430406.0,1,1,1,50.0,255.0,25,0,1,1,1,10.0,0,1,1,1,0,Few clouds,+66°,+57°
2022-10-23,1740520.0,0,1,1,24.0,167.0,18,0,0,1,0,4.0,0,1,1,1,0,Light rain,+59°,+57°
2022-10-24,3357840.0,0,1,1,21.0,105.0,5,0,1,1,0,52.0,0,0,1,1,0,Light rain,+59°,+61°
2022-10-25,3712582.0,0,1,1,20.0,147.0,6,0,0,1,0,56.0,0,0,1,0,0,Overcast clouds,+68°,+64°
2022-10-26,3794534.0,0,1,1,20.0,152.0,5,0,1,1,0,61.0,0,0,1,1,0,Broken clouds,+70°,+63°
2022-10-27,3892985.0,1,1,1,26.0,178.0,0,0,0,0,0,43.0,0,0,1,0,0,Clear sky,+64°,+55°
2022-10-28,3624748.0,0,1,1,37.0,238.0,1,0,0,0,0,67.0,0,1,1,1,0,Partly cloudy,+55°,+52°
2022-10-29,2440601.0,1,1,1,59.0,292.0,25,0,1,0,1,65.0,0,0,1,1,0,Clear sky,+59°,+52°
2022-10-30,1875953.0,0,1,1,34.0,181.0,18,0,1,0,1,69.0,0,0,0,0,0,Clear sky,+61°,+54°
2022-10-31,3410892.0,1,1,1,19.0,127.0,6,0,0,0,0,57.0,0,0,1,0,0,Partly cloudy,+64°,+61°
2022-11-01,3706707.0,1,1,1,20.0,97.0,10,0,0,1,0,48.0,0,1,1,0,0,Light rain,+66°,+61°
2022-11-02,3788123.0,0,1,1,22.0,134.0,12,0,0,1,0,44.0,0,0,1,0,0,Clear sky,+70°,+59°
2022-11-03,3802455.0,1,1,1,24.0,163.0,3,0,1,1,0,76.0,0,1,1,0,0,Few clouds,+66°,+57°
2022-11-04,3586358.0,1,1,1,35.0,194.0,2,0,1,0,0,62.0,0,0,1,1,0,Few clouds,+70°,+63°
2022-11-05,2449943.0,0,1,1,48.0,256.0,32,0,1,1,0,115.0,0,1,1,1,0,Broken clouds,+73°,+66°
2022-11-06,2116063.0,0,1,0,24.0,154.0,0,0,1,1,1,75.0,0,0,1,0,0,Overcast clouds,+72°,+68°
2022-11-07,3456868.0,0,1,0,22.0,118.0,21,0,0,1,0,50.0,0,0,1,0,0,Clear sky,+73°,+57°
2022-11-08,3431700.0,0,1,0,8.0,106.0,9,0,0,1,0,46.0,0,1,1,0,1,Clear sky,+54°,+48°
2022-11-09,3772030.0,1,1,0,14.0,153.0,11,0,1,0,0,64.0,0,1,1,0,0,Clear sky,+50°,+48°
2022-11-10,3802230.0,0,1,0,13.0,174.0,2,0,1,1,0,72.0,0,1,1,0,0,Clear sky,+59°,+57°
2022-11-11,2994708.0,0,1,0,7.0,199.0,1,0,1,1,0,77.0,0,0,1,0,1,Moderate rain,+63°,+68°
2022-11-12,2431419.0,0,1,0,8.0,225.0,14,0,1,1,1,4.0,0,0,1,1,0,Partly cloudy,+66°,+61°
2022-11-13,1794024.0,1,1,0,30.0,171.0,21,0,1,1,1,2.0,0,0,1,0,0,Overcast clouds,+50°,+41°
2022-11-14,3401075.0,0,1,0,21.0,95.0,14,0,0,0,0,42.0,0,0,1,0,0,Few clouds,+43°,+37°
2022-11-15,3713627.0,0,1,0,25.0,115.0,9,0,0,0,0,60.0,0,1,0,0,0,Broken clouds,+45°,+39°
2022-11-16,3751773.0,1,1,0,20.0,130.0,8,0,1,1,0,68.0,0,0,1,0,0,Overcast clouds,+46°,+41°
2022-11-17,3797815.0,1,1,0,33.0,163.0,1,0,1,0,0,53.0,0,1,1,0,0,Few clouds,+43°,+37°
2022-11-18,3539202.0,0,1,0,34.0,198.0,2,0,1,1,0,78.0,1,1,1,0,0,Partly cloudy,+41°,+36°
2022-11-19,2323449.0,1,1,0,42.0,223.0,13,0,1,1,0,98.0,1,0,1,0,0,Clear sky,+37°,+36°
2022-11-20,1721187.0,1,1,0,25.0,171.0,22,0,1,0,1,66.0,1,1,0,0,0,Clear sky,+36°,+30°
2022-11-21,3363626.0,1,1,0,22.0,107.0,20,0,1,1,0,44.0,1,0,1,0,0,Clear sky,+36°,+39°
2022-11-22,3548882.0,1,1,0,19.0,109.0,23,0,0,1,0,46.0,1,0,0,0,0,Few clouds,+45°,+43°
2022-11-23,3263998.0,1,1,0,18.0,127.0,11,0,1,1,0,27.0,1,0,0,0,0,Clear sky,+50°,+43°
2022-11-24,1382266.0,0,1,0,4.0,35.0,4,0,1,0,0,14.0,1,0,0,0,1,Few clouds,+48°,+46°
2022-11-25,2058658.0,0,1,0,16.0,146.0,4,0,1,1,1,49.0,1,0,1,0,0,Overcast clouds,+48°,+46°
2022-11-26,1999608.0,1,1,0,26.0,176.0,19,0,1,1,1,56.0,1,0,1,0,0,Clear sky,+48°,+48°
2022-11-27,1476228.0,1,1,0,21.0,122.0,5,0,1,1,1,58.0,1,0,1,0,0,Moderate rain,+52°,+55°
2022-11-28,3265971.0,1,1,0,16.0,87.0,19,0,0,1,0,23.0,1,0,0,0,0,Broken clouds,+48°,+41°
2022-11-29,3596894.0,0,1,0,20.0,102.0,12,0,0,0,0,48.0,1,0,1,0,0,Overcast clouds,+41°,+41°
2022-11-30,3568413.0,1,1,0,30.0,136.0,14,0,1,1,0,56.0,1,0,1,0,0,Moderate rain,+54°,+43°
2022-12-01,3770495.0,0,1,0,32.0,169.0,16,0,0,1,0,54.0,1,1,1,0,0,Partly cloudy,+39°,+34°
2022-12-02,3600504.0,1,1,0,33.0,204.0,11,0,1,1,0,71.0,1,1,1,0,0,Clear sky,+39°,+43°
2022-12-03,2291687.0,0,1,0,45.0,226.0,20,0,1,1,1,85.0,1,1,1,0,0,Light rain,+54°,+46°
2022-12-04,1990479.0,1,1,0,32.0,160.0,16,0,1,1,1,71.0,1,0,1,0,0,Partly cloudy,+41°,+37°
2022-12-05,3481640.0,0,1,0,21.0,117.0,18,0,0,1,0,48.0,1,0,1,0,0,Partly cloudy,+43°,+41°
2022-12-06,3753299.0,0,1,0,21.0,112.0,12,0,1,1,0,45.0,1,0,1,0,0,Moderate rain,+52°,+55°
2022-12-07,3835333.0,1,1,0,25.0,146.0,15,0,0,1,0,55.0,1,1,1,0,0,Overcast clouds,+55°,+54°
2022-12-08,3931499.0,0,1,0,32.0,163.0,10,0,1,0,0,77.0,1,0,1,0,0,Partly cloudy,+50°,+43°
2022-12-09,3710928.0,1,1,0,36.0,204.0,22,0,1,1,0,67.0,1,0,1,0,0,Clear sky,+41°,+36°
2022-12-10,2663493.0,0,1,0,52.0,254.0,31,0,1,1,1,76.0,1,1,1,0,0,Broken clouds,+37°,+37°
2022-12-11,1865579.0,1,1,0,34.0,187.0,15,0,1,1,1,89.0,1,0,1,0,0,Light rain,+37°,+34°
2022-12-12,3466978.0,0,1,0,20.0,96.0,8,0,0,1,0,47.0,1,0,1,0,0,Broken clouds,+36°,+28°
2022-12-13,3763568.0,0,1,0,17.0,118.0,15,0,0,1,0,57.0,1,0,1,0,0,Clear sky,+34°,+32°
2022-12-14,3777173.0,0,1,0,28.0,137.0,11,0,0,1,0,56.0,1,0,1,0,0,Partly cloudy,+34°,+34°
2022-12-15,3726154.0,0,1,0,29.0,160.0,8,0,0,1,0,55.0,1,1,1,0,0,Moderate rain,+39°,+41°
2022-12-16,3270016.0,0,1,0,46.0,218.0,13,0,0,1,0,79.0,1,1,1,0,0,Light rain,+45°,+39°
2022-12-17,2577771.0,0,1,0,53.0,235.0,19,0,1,1,1,97.0,1,1,0,0,0,Broken clouds,+41°,+36°
2022-12-18,1967199.0,0,1,0,28.0,167.0,25,0,1,0,1,77.0,1,0,1,0,0,Overcast clouds,+39°,+34°
2022-12-19,3381411.0,0,1,0,22.0,107.0,24,0,0,1,0,49.0,1,1,1,0,0,Clear sky,+37°,+32°
2022-12-20,3586084.0,0,1,1,18.0,109.0,13,0,0,1,0,52.0,1,0,1,0,0,Clear sky,+37°,+32°
2022-12-21,3563236.0,1,1,0,16.0,116.0,10,0,0,1,0,42.0,1,0,1,0,0,Clear sky,+39°,+32°
2022-12-22,3187083.0,0,1,0,17.0,126.0,11,0,0,1,1,56.0,1,0,1,0,0,Light intensity drizzle,+46°,+34°
2022-12-23,2738016.0,1,1,0,20.0,127.0,8,0,0,1,0,43.0,1,0,1,0,0,Heavy intensity rain,+41°,+48°
2022-12-24,1411469.0,0,1,0,21.0,85.0,11,0,0,0,0,30.0,1,0,1,0,0,Broken clouds,+14°,+10°
2022-12-25,1008452.0,0,1,0,3.0,47.0,9,0,0,1,0,23.0,1,0,1,0,1,Clear sky,+27°,+16°
2022-12-26,1812842.0,0,1,0,12.0,63.0,3,0,0,1,0,23.0,1,0,0,0,1,Broken clouds,+28°,+21°
2022-12-27,2729514.0,0,1,0,16.0,80.0,10,0,0,1,0,30.0,1,0,0,0,0,Clear sky,+34°,+28°
2022-12-28,2947028.0,0,1,0,20.0,98.0,8,0,0,1,0,32.0,1,0,0,0,0,Partly cloudy,+43°,+32°
2022-12-29,3039432.0,1,1,0,21.0,124.0,7,0,0,1,0,37.0,1,0,0,0,0,Broken clouds,+46°,+36°
2022-12-30,3063480.0,1,1,0,30.0,149.0,5,0,1,1,0,61.0,1,0,1,0,0,Clear sky,+54°,+46°
2022-12-31,1927101.0,0,1,0,37.0,255.0,11,0,1,1,0,73.0,1,1,1,0,1,Drizzle,+54°,+52°
2023-01-01,1675507.0,0,1,0,17.0,74.0,8,0,0,0,1,24.0,1,0,0,0,1,Clear sky,+54°,+54°
2023-01-02,1938154.0,1,1,0,12.0,58.0,8,0,0,1,0,16.0,1,0,0,0,1,Broken clouds,+54°,+48°
2023-01-03,3175777.0,0,1,0,11.0,61.0,13,0,0,1,0,13.0,0,0,0,0,0,Heavy intensity rain,+50°,+54°
2023-01-04,3413052.0,0,1,0,15.0,90.0,4,0,0,1,0,25.0,0,0,0,0,0,Broken clouds,+64°,+57°
2023-01-05,3428520.0,0,1,0,21.0,120.0,4,0,0,0,0,26.0,0,0,0,0,0,Overcast clouds,+54°,+55°
2023-01-06,3229858.0,0,1,0,34.0,156.0,5,0,0,1,0,52.0,0,0,0,0,0,Heavy rain in places,+46°,+46°
2023-01-07,2116138.0,0,1,0,36.0,184.0,8,0,0,1,0,73.0,0,0,1,0,0,Few clouds,+46°,+39°
2023-01-08,1610764.0,0,1,0,26.0,120.0,8,0,0,1,0,38.0,0,0,0,0,0,Broken clouds,+41°,+37°
2023-01-09,3145743.0,0,1,0,15.0,72.0,5,0,0,1,0,30.0,0,0,0,0,0,Clear sky,+45°,+39°
2023-01-10,3469177.0,0,1,0,17.0,97.0,5,0,0,1,0,37.0,0,0,0,0,0,Overcast clouds,+43°,+37°
2023-01-11,3508962.0,0,1,0,17.0,109.0,11,0,0,1,0,42.0,0,0,0,0,0,Overcast clouds,+39°,+37°
2023-01-12,3472709.0,1,1,0,26.0,150.0,15,0,0,1,0,41.0,0,0,0,0,0,Drizzle,+46°,+36°
2023-01-13,3270020.0,0,1,0,28.0,177.0,14,0,0,1,0,67.0,0,1,1,0,0,Broken clouds,+52°,+55°
2023-01-14,2072387.0,0,1,0,32.0,204.0,16,0,0,0,0,107.0,0,0,1,0,0,Overcast clouds,+36°,+37°
2023-01-15,1705804.0,1,1,0,30.0,166.0,20,0,0,1,0,44.0,0,0,1,0,0,Few clouds,+41°,+32°
2023-01-16,2172218.0,0,1,0,16.0,91.0,11,0,0,1,0,27.0,0,0,0,0,1,Clear sky,+43°,+32°
2023-01-17,3451604.0,0,1,0,12.0,93.0,11,0,0,0,0,33.0,0,0,0,0,0,Overcast clouds,+45°,+36°
2023-01-18,3603344.0,1,1,0,23.0,123.0,10,0,0,1,0,42.0,0,0,1,0,0,Broken clouds,+50°,+45°
2023-01-19,3492226.0,1,1,0,17.0,143.0,14,0,0,1,0,12.0,0,0,1,0,0,Heavy intensity rain,+41°,+45°
2023-01-20,3375887.0,1,1,0,26.0,196.0,12,0,0,1,0,70.0,0,0,1,0,0,Overcast clouds,+48°,+41°
2023-01-21,2137169.0,1,1,0,26.0,208.0,17,0,0,0,0,65.0,0,0,1,0,0,Broken clouds,+43°,+41°
2023-01-22,1593386.0,1,1,0,25.0,143.0,13,0,0,0,0,58.0,0,0,0,0,0,Overcast clouds,+43°,+34°
2023-01-23,3135214.0,0,1,0,13.0,85.0,10,0,0,1,0,36.0,0,0,0,0,0,Light intensity drizzle,+37°,+39°
2023-01-24,3566756.0,0,1,0,15.0,110.0,15,0,0,1,0,29.0,0,0,0,0,0,Partly cloudy,+45°,+34°
2023-01-25,3511071.0,0,1,0,22.0,123.0,14,0,0,0,0,48.0,0,0,0,0,0,Drizzle,+39°,+36°
2023-01-26,3629029.0,1,1,0,30.0,167.0,15,0,0,0,0,48.0,0,0,1,0,0,Broken clouds,+46°,+52°
2023-01-27,3335372.0,0,1,0,31.0,195.0,12,0,0,1,0,64.0,0,0,1,0,0,Partly cloudy,+43°,+39°
2023-01-28,2248107.0,1,1,0,40.0,229.0,20,0,0,1,0,68.0,0,1,1,0,0,Broken clouds,+50°,+36°
2023-01-29,1637398.0,0,1,0,29.0,155.0,19,0,0,1,0,64.0,0,0,0,0,0,Overcast clouds,+50°,+45°
2023-01-30,3223530.0,1,1,0,17.0,83.0,9,0,0,0,0,31.0,0,0,1,0,0,Partly cloudy,+48°,+46°
2023-01-31,3654404.0,0,1,0,17.0,108.0,18,0,0,1,0,22.0,0,0,1,0,0,Overcast clouds,+39°,+48°
2023-02-01,3682758.0,0,1,0,15.0,95.0,7,0,0,0,0,43.0,0,1,0,0,0,Few clouds,+37°,+32°
2023-02-02,3699932.0,0,1,0,22.0,139.0,12,0,0,1,0,56.0,0,0,0,0,0,Clear sky,+39°,+30°
2023-02-03,3189550.0,0,1,0,27.0,199.0,13,0,0,0,0,68.0,0,0,0,0,0,Partly cloudy,+23°,+34°
2023-02-04,1742435.0,1,1,0,35.0,215.0,16,0,1,1,0,67.0,0,0,1,0,0,Few clouds,+19°,+10°
2023-02-05,1625375.0,0,1,0,22.0,150.0,15,0,1,1,0,48.0,0,1,1,0,0,Broken clouds,+46°,+28°
2023-02-06,3372445.0,1,1,0,19.0,100.0,10,0,1,1,0,50.0,1,0,0,0,0,Clear sky,+50°,+43°
2023-02-07,3738539.0,1,1,0,17.0,109.0,9,0,0,0,0,35.0,1,0,0,0,0,Broken clouds,+39°,+34°
2023-02-08,3780682.0,0,1,0,23.0,123.0,9,0,0,1,0,44.0,1,0,0,0,0,Clear sky,+50°,+43°
2023-02-09,3754859.0,1,1,0,25.0,167.0,16,0,0,1,0,44.0,1,0,1,0,0,Overcast clouds,+48°,+43°
2023-02-10,3539529.0,1,1,1,30.0,192.0,14,0,1,1,1,61.0,1,0,1,0,0,Few clouds,+57°,+55°
2023-02-11,2333625.0,1,1,0,42.0,243.0,16,0,1,1,0,98.0,1,0,0,0,0,Clear sky,+45°,+45°
2023-02-12,1746099.0,0,1,0,16.0,131.0,13,0,0,0,1,35.0,0,0,0,0,1,Broken clouds,+46°,+36°
2023-02-13,3303337.0,1,1,0,14.0,103.0,11,0,0,1,0,43.0,0,0,0,0,1,Few clouds,+54°,+41°
2023-02-14,3812943.0,0,1,0,29.0,165.0,14,0,0,1,0,38.0,1,0,1,0,0,Clear sky,+52°,+46°
2023-02-15,3762817.0,1,1,0,23.0,135.0,13,0,0,0,0,43.0,1,0,0,0,0,Clear sky,+61°,+46°
2023-02-16,3683782.0,0,1,0,37.0,176.0,11,0,0,0,0,4.0,0,0,1,0,0,Overcast clouds,+64°,+59°
2023-02-17,3253165.0,1,1,0,26.0,208.0,24,0,0,0,0,63.0,0,0,0,0,0,Light intensity drizzle,+59°,+59°
2023-02-18,2271106.0,1,1,0,42.0,247.0,22,0,1,1,0,55.0,0,0,1,0,0,Clear sky,+41°,+32°
2023-02-19,1824136.0,1,1,0,25.0,163.0,16,0,0,0,0,45.0,0,0,1,0,0,Overcast clouds,+48°,+39°
2023-02-20,2238557.0,0,1,1,17.0,91.0,9,0,0,1,0,35.0,0,0,0,0,1,Few clouds,+55°,+48°
2023-02-21,3325542.0,0,1,0,25.0,118.0,9,0,0,1,0,47.0,0,1,0,0,0,Overcast clouds,+45°,+50°
2023-02-22,3454362.0,0,1,0,24.0,141.0,14,0,0,0,0,51.0,0,0,1,0,0,Drizzle,+43°,+41°
2023-02-23,3498367.0,0,1,0,31.0,161.0,11,0,0,0,0,31.0,0,0,1,0,0,Overcast clouds,+43°,+41°
2023-02-24,3246699.0,1,1,0,42.0,210.0,10,0,0,1,0,78.0,0,0,1,0,0,Clear sky,+39°,+43°
2023-02-25,2043635.0,1,1,0,46.0,224.0,16,0,1,1,0,66.0,0,1,1,0,0,Snow,+28°,+27°
2023-02-26,1625191.0,1,1,0,23.0,135.0,8,0,1,1,0,39.0,0,0,1,0,0,Few clouds,+43°,+32°
2023-02-27,3337916.0,0,1,0,21.0,115.0,26,0,0,1,0,42.0,0,1,1,0,0,Broken clouds,+39°,+36°
2023-02-28,3412079.0,1,1,0,30.0,130.0,14,0,0,0,0,46.0,0,1,1,0,0,Rain and snow,+37°,+36°
2023-03-01,3780713.0,0,1,0,17.0,118.0,11,0,0,1,0,49.0,0,0,1,0,0,Partly cloudy,+43°,+34°
2023-03-02,3765925.0,0,1,0,25.0,160.0,13,0,0,1,0,67.0,1,0,1,0,0,Broken clouds,+52°,+43°
2023-03-03,3481830.0,0,1,0,33.0,197.0,15,0,1,0,0,55.0,0,1,1,0,0,Overcast clouds,+45°,+41°
2023-03-04,2173217.0,1,1,0,35.0,216.0,24,0,1,1,0,81.0,0,1,1,0,0,Overcast clouds,+43°,+41°
2023-03-05,1772121.0,1,1,0,19.0,146.0,7,0,0,1,0,42.0,0,1,0,0,0,Broken clouds,+52°,+39°
2023-03-06,3427019.0,0,1,0,12.0,76.0,5,0,0,0,0,29.0,0,0,0,0,0,Broken clouds,+50°,+43°
2023-03-07,3773780.0,1,1,0,18.0,98.0,0,0,0,1,0,30.0,0,0,1,0,0,Clear sky,+43°,+41°
2023-03-08,3842861.0,1,1,0,14.0,129.0,0,0,0,1,0,53.0,0,0,1,0,0,Few clouds,+45°,+34°
2023-03-09,3827656.0,1,1,0,18.0,129.0,8,0,0,1,0,30.0,0,1,1,0,0,Broken clouds,+48°,+37°
2023-03-10,3502339.0,0,1,0,17.0,157.0,4,0,0,1,0,96.0,0,1,1,0,0,Overcast clouds,+46°,+39°
2023-03-11,2230530.0,1,1,0,40.0,212.0,12,0,1,1,0,114.0,1,0,1,0,0,Drizzle,+43°,+41°
2023-03-12,1773585.0,1,1,0,21.0,134.0,3,0,1,1,0,55.0,0,0,1,0,0,Broken clouds,+46°,+37°
2023-03-13,3352388.0,0,1,0,12.0,70.0,1,0,1,0,0,31.0,0,1,1,0,0,Light intensity drizzle,+43°,+41°
2023-03-14,3577250.0,1,1,0,12.0,80.0,0,0,1,1,0,41.0,0,0,1,0,0,Snow,+36°,+39°
2023-03-15,3912366.0,0,1,1,21.0,116.0,0,0,0,1,0,31.0,1,1,0,0,0,Few clouds,+43°,+34°
2023-03-16,3949788.0,1,1,0,18.0,123.0,1,0,0,1,0,39.0,1,1,1,0,0,Few clouds,+54°,+34°
2023-03-17,3661519.0,1,1,0,25.0,146.0,3,0,1,1,0,44.0,0,1,1,0,0,Broken clouds,+55°,+50°
2023-03-18,2417873.0,0,1,0,28.0,180.0,5,0,1,1,0,45.0,0,1,1,0,0,Broken clouds,+50°,+52°
2023-03-19,1894476.0,1,1,0,17.0,117.0,3,0,1,1,0,31.0,0,0,0,0,0,Few clouds,+39°,+39°
2023-03-20,3442589.0,1,1,0,9.0,67.0,3,0,0,1,0,41.0,0,0,1,0,0,Clear sky,+48°,+34°
2023-03-21,3801084.0,1,1,0,6.0,72.0,0,0,1,1,0,13.0,0,1,0,0,0,Clear sky,+59°,+43°
2023-03-22,3797399.0,0,1,0,14.0,86.0,0,0,0,0,0,38.0,0,1,0,0,0,Overcast clouds,+57°,+50°
2023-03-23,3774396.0,1,1,0,12.0,115.0,4,0,1,1,0,62.0,0,0,1,0,0,Light intensity drizzle,+55°,+50°
2023-03-24,3551084.0,1,1,1,16.0,136.0,4,0,1,0,0,59.0,0,0,1,0,0,Overcast clouds,+52°,+54°
2023-03-25,2167532.0,0,1,0,20.0,164.0,6,0,0,1,0,81.0,0,1,1,0,0,Heavy intensity rain,+43°,+46°
2023-03-26,1954188.0,0,1,0,11.0,101.0,3,0,0,1,0,32.0,0,0,0,0,0,Clear sky,+59°,+45°
2023-03-27,3415956.0,0,1,0,10.0,64.0,1,0,0,1,0,33.0,0,0,1,0,0,Broken clouds,+57°,+50°
2023-03-28,3787358.0,0,1,0,9.0,61.0,0,0,0,1,0,28.0,0,0,1,0,0,Partly cloudy,+50°,+45°
2023-03-29,3872836.0,1,1,0,9.0,86.0,0,0,0,1,0,31.0,0,0,1,0,0,Few clouds,+52°,+43°
2023-03-30,3859866.0,0,1,0,16.0,112.0,0,0,0,0,0,47.0,0,0,1,1,0,Clear sky,+45°,+41°
2023-03-31,3573155.0,1,1,1,15.0,119.0,2,0,0,0,0,76.0,0,1,1,0,0,Overcast clouds,+50°,+39°
